column_name,question_short_es,question_short_en,question_es,question_en,category_en,category_short_en,category_es,category_short_es
a4,El problema mÌÁs importante,Most Important Problem,En su opiniÌ_n åÀcuÌÁl es el problema mÌÁs grave que estÌÁ enfrentando el paÌ_s? (No leer alternativas; Aceptar solo una respuesta),"In your opinion, what is the most serious problem faced by the country? (Don't read alternatives; Accept on one response)","Evaluation of Institutions, Political System and Other Persons",Evaluations,"EvaluaciÌ_n de instituciones, sistema polÌ_tica y otras personas",Evaluaciones
aoj11,PercepciÌ_n de inseguridad,Perception of Neighborhood Insecurity,"Hablando del lugar o el barrio donde usted vive y pensando en la posibilidad de ser vÌ_ctima de un asalto o robo, åÀusted se siente muy seguro(a), algo seguro(a), algo inseguro(a) o muy inseguro(a)?","Speaking of the neighborhood where you live and thinking of the possibility of being assaulted or robbed, do you feel very safe, somewhat safe, somewhat unsafe or very unsafe?","Crime, Insecurity, and Policy Preferences",Democratic Support,Apoyo a la democracia e instituciones democrÌÁticas,Apoyo democrÌÁtico
aoj12,Confianza en que el sistema judicial castigue a culpables,Confidence that Judiciary will Punish the Guilty,"Si usted fuera vÌ_ctima de un robo o asalto, åÀcuÌÁnto confiarÌ_a que el sistema judicial castigue al culpable? ConfiarÌ_a...",If you were a victim of a robbery or assault how much faith do you have that the judicial system would punish the guilty?,"Crime, Insecurity, and Policy Preferences",Democratic Support,Apoyo a la democracia e instituciones democrÌÁticas,Apoyo democrÌÁtico
b1,Cortes garantizan un juicio justo,Courts Guarantee Fair Trial,åÀHasta quÌ© punto cree usted que los tribunales de justicia de [paÌ_s] garantizan un juicio justo?,To what extent do you think the courts in (country) guarantee a fair trial?,"Evaluation of Institutions, Political System and Other Persons",Evaluations,"EvaluaciÌ_n de instituciones, sistema polÌ_tica y otras personas",Evaluaciones
b12,Confianza en las Fuerzas Armadas,Trust in Armed Forces,åÀHasta quÌ© punto tiene confianza usted en las Fuerzas Armadas?,To what extent do you trust the Armed Forces?,"Evaluation of Institutions, Political System and Other Persons",Evaluations,"EvaluaciÌ_n de instituciones, sistema polÌ_tica y otras personas",Evaluaciones
b13,Confianza en el Congreso Nacional,Trust in the National Legislature,åÀHasta quÌ© punto tiene confianza usted en el Congreso Nacional?,To what extent do you trust the National Congress?,"Evaluation of Institutions, Political System and Other Persons",Evaluations,"EvaluaciÌ_n de instituciones, sistema polÌ_tica y otras personas",Evaluaciones
b18,Confianza en la PolicÌ_a Nacional,Trust in National Police,åÀHasta quÌ© punto tiene confianza usted en la PolicÌ_a Nacional?,To what extent do you trust the National Police?,"Evaluation of Institutions, Political System and Other Persons",Evaluations,"EvaluaciÌ_n de instituciones, sistema polÌ_tica y otras personas",Evaluaciones
b2,Respeto a las instituciones,Respect for Political Institutions,åÀHasta quÌ© punto tiene usted respeto por las instituciones polÌ_ticas de [paÌ_s]?,To what extent do you respect the political institutions of (country)?,"Evaluation of Institutions, Political System and Other Persons",Evaluations,"EvaluaciÌ_n de instituciones, sistema polÌ_tica y otras personas",Evaluaciones
b21,Confianza en los partidos polÌ_ticos,Trust in Political Parties,åÀHasta quÌ© punto tiene confianza usted en los partidos polÌ_ticos?,To what extent do you trust the political parties?,"Evaluation of Institutions, Political System and Other Persons",Evaluations,"EvaluaciÌ_n de instituciones, sistema polÌ_tica y otras personas",Evaluaciones
b21a,Confianza en el ejecutivo,Trust in Executive,åÀHasta quÌ© punto tiene confianza usted en [el presidente/el primer ministro]?,To what extent do you trust the [President/Prime Minister]?,"Evaluation of Institutions, Political System and Other Persons",Evaluations,"EvaluaciÌ_n de instituciones, sistema polÌ_tica y otras personas",Evaluaciones
b3,Los derechos bÌÁsicos estÌÁn protegidos,Basic Rights are Protected,åÀHasta quÌ© punto cree usted que los derechos bÌÁsicos del ciudadano estÌÁn bien protegidos por el sistema polÌ_tico [paÌ_s]?,To what extent do you think that citizens' basic rights are well protected by the political system of (country)?,"Evaluation of Institutions, Political System and Other Persons",Evaluations,"EvaluaciÌ_n de instituciones, sistema polÌ_tica y otras personas",Evaluaciones
b31,Confianza en la Corte Suprema de Justicia,Trust in the Supreme Court of Justice,åÀHasta quÌ© punto tiene usted confianza en la Corte Suprema de Justicia?,To what extent do you trust the Supreme Court of Justice?,"Evaluation of Institutions, Political System and Other Persons",Evaluations,"EvaluaciÌ_n de instituciones, sistema polÌ_tica y otras personas",Evaluaciones
b32,Confianza en la municipalidad,Trust in Local Government,åÀHasta quÌ© punto tiene usted confianza en su municipalidad?,To what extent do you trust the local or municipal government?,"Evaluation of Institutions, Political System and Other Persons",Evaluations,"EvaluaciÌ_n de instituciones, sistema polÌ_tica y otras personas",Evaluaciones
b37,Confianza en los medios de comunicaciÌ_n,Trust in the Media,åÀHasta quÌ© punto tiene usted confianza en los medios de comunicaciÌ_n?,To what extent do you trust the mass media?,"Evaluation of Institutions, Political System and Other Persons",Evaluations,"EvaluaciÌ_n de instituciones, sistema polÌ_tica y otras personas",Evaluaciones
b4,Orgullo por el sistema polÌ_tico,Pride in Political System,åÀHasta quÌ© punto se siente usted orgulloso de vivir bajo el sistema polÌ_tico [paÌ_s]?,To what extent do you feel proud of living under the political system of [country]?,"Evaluation of Institutions, Political System and Other Persons",Evaluations,"EvaluaciÌ_n de instituciones, sistema polÌ_tica y otras personas",Evaluaciones
b47a,Confianza en las elecciones,Trust in Elections,åÀHasta quÌ© punto tiene usted confianza en las elecciones en este paÌ_s?,To what extent do you trust elections in this country?,"Evaluation of Institutions, Political System and Other Persons",Evaluations,"EvaluaciÌ_n de instituciones, sistema polÌ_tica y otras personas",Evaluaciones
b6,Se deberÌ_a apoyar al sistema polÌ_tico,People Should Support the Political System,åÀHasta quÌ© punto piensa usted que se debe apoyar al sistema polÌ_tico [paÌ_s]?,To what extent do you think that one should support the political system of (country)?,"Evaluation of Institutions, Political System and Other Persons",Evaluations,"EvaluaciÌ_n de instituciones, sistema polÌ_tica y otras personas",Evaluaciones
cct1b,Beneficiario de transferencias de dinero condicionadas,Beneficiary of Conditional Cash Transfer Program,"Ahora, hablando especÌ_ficamente sobre [programa] åÀusted o alguien en su casa es beneficiario de ese programa?","Now, talking specifically about [Conditional Cash Transfers], are you or someone in your house a beneficiary of this program?",Socio-Demographic Characteristics,Socio-Dem.,CaracterÌ_sticas sociodemogrÌÁficas,Sociodem.
colorr,Color de piel,Skin Color,"SIN PREGUNTAR, por favor use la Paleta de Colores, e indique el nÌ¼mero que mÌÁs se acerca al color de piel de la cara del entrevistado","Without asking, please use the Color Chart and indicate the number that is closest to the color of the skin of the face of the respondent",NA,NA,NA,NA
conocim,PercepciÌ_n de nivel de conocimiento polÌ_tico,Perception of the Level of Political Knowledge,"Usando la escala que se presenta abajo, por favor califique su percepciÌ_n sobre el nivel de conocimiento polÌ_tico del entrevistado [Evaluada por el entrevistador]","Using the scale below, rate your perception of the level of political knowledge of the respondent [Evaluated by Interviewer]",NA,NA,NA,NA
cp13,Asistencia a reuniones de partidos polÌ_ticos,Attendance at Meetings of Political Parties,"Por favor, dÌ_game si usted asiste a las reuniones de estas organizaciones por lo menos una vez a la semana, una o dos veces al mes, una o dos veces al aÌ±o, o nunca. åÀReuniones de un partido o movimiento polÌ_tico? Asiste...","Please tell me if you attend meetings of these organizations at least once a week, once or twice a month, once or twice a year, or never. Meetings of a political party or political organization? Do you attend them...",Civic and Political Engagement,Civic Engagement,ParticipaciÌ_n cÌ_vica y polÌ_tica,ParticipaciÌ_n cÌ_vica
cp6,Asistencia a reuniones de organizaciÌ_n religiosa,Attendance at Meetings of Religious Organization,"Por favor, dÌ_game si usted asiste a las reuniones de estas organizaciones por lo menos una vez a la semana, una o dos veces al mes, una o dos veces al aÌ±o, o nunca. åÀReuniones de alguna organizaciÌ_n religiosa? Asiste...","Please tell me if you attend meetings of these organizations at least once a week, once or twice a month, once or twice a year, or never. Meetings of any religious organization? Do you attend them...",Civic and Political Engagement,Civic Engagement,ParticipaciÌ_n cÌ_vica y polÌ_tica,ParticipaciÌ_n cÌ_vica
cp7,Asistencia a reuniones de  asociaciÌ_n de padres,Attendance at Meetings of Parent Association,"Por favor, dÌ_game si usted asiste a las reuniones de estas organizaciones por lo menos una vez a la semana, una o dos veces al mes, una o dos veces al aÌ±o, o nunca. åÀReuniones de una asociaciÌ_n de padres de familia de la escuela o colegio? Asiste...","Please tell me if you attend meetings of these organizations at least once a week, once or twice a month, once or twice a year, or never. Meetings of a parents' association at school? Do you attend them...",Civic and Political Engagement,Civic Engagement,ParticipaciÌ_n cÌ_vica y polÌ_tica,ParticipaciÌ_n cÌ_vica
cp8,Asistencia a reuniones para mejoras comunitarias,Attendance at Meetings for Community Improvements,"Por favor, dÌ_game si usted asiste a las reuniones de estas organizaciones por lo menos una vez a la semana, una o dos veces al mes, una o dos veces al aÌ±o, o nunca. åÀReuniones de un comitÌ© o junta de mejoras para la comunidad? Asiste...","Please tell me if you attend meetings of these organizations at least once a week, once or twice a month, once or twice a year, or never. Meetings of a community improvement committee or association? Do you attend them...",Civic and Political Engagement,Civic Engagement,ParticipaciÌ_n cÌ_vica y polÌ_tica,ParticipaciÌ_n cÌ_vica
d1,Aprueba derecho de votar de los crÌ_ticos del gobierno,Approval of Government Critics' Right to Vote,"Hay personas que siempre hablan mal de la forma de gobierno de [paÌ_s], no sÌ_lo del gobierno de turno, sino del sistema de gobierno, åÀcon quÌ© firmeza aprueba o desaprueba usted el derecho de votar de esas personas? Por favor lÌ©ame el nÌ¼mero de la escala","There are people who only say bad things about the (country) form of government, not just the incumbent government but the system of government. How strongly do you approve or disapprove of such people's right to vote? Please read me the number from the scale",Political Tolerance,Tolerance,Tolerancia polÌ_tica,Tolerancia
d2,Aprueba el derecho a protestar,Approval of Government Critics' Right to Protest,Con quÌ© firmeza aprueba o desaprueba usted que estas personas puedan llevar a cabo manifestaciones pacÌ_ficas con el propÌ_sito de expresar sus puntos de vista? Por favor lÌ©ame el nÌ¼mero.,How strongly do you approve or disapprove that such people be allowed to conduct peaceful demonstrations in order to express their views? Please read me the number.,Political Tolerance,Tolerance,Tolerancia polÌ_tica,Tolerancia
d3,Aprueba el derecho a postularse,Approval of Government Critics' Right to Run for Office,Siempre pensando en los que hablan mal de la forma de gobierno de [paÌ_s]. åÀCon quÌ© firmeza aprueba o desaprueba usted que estas personas puedan postularse para cargos pÌ¼blicos?,"Still thinking of those who only say bad things about the (country) form of government, how strongly do you approve or disapprove of such people being permitted to run for public office?",Political Tolerance,Tolerance,Tolerancia polÌ_tica,Tolerancia
d4,Aprueba el derecho a hacer un discurso,Approval of Government Critics' Right to Make Speeches,åÀCon quÌ© firmeza aprueba o desaprueba usted que estas personas salgan en la televisiÌ_n para dar un discurso?,How strongly do you approve or disapprove of such people appearing on television to make speeches?,Political Tolerance,Tolerance,Tolerancia polÌ_tica,Tolerancia
d5,Aprueba el derecho de homosexuales a postularse,Approval of Homosexuals' Right to Run for Office,"Y ahora, cambiando el tema, y pensando en los homosexuales. åÀCon quÌ© firmeza aprueba o desaprueba que estas personas puedan postularse para cargos pÌ¼blicos?","And now, changing the topic and thinking of homosexuals, how strongly do you approve or disapprove of such people being permitted to run for public office?",Political Tolerance,Tolerance,Tolerancia polÌ_tica,Tolerancia
d6,Aprueba el derecho a casarse de parejas del mismo sexo,Approval of Same-Sex Couples' Right to Marry,åÀCon quÌ© firmeza aprueba o desaprueba que las parejas del mismo sexo puedan tener el derecho a casarse?,How strongly do you approve or disapprove of same-sex couples having the right to marry?,Political Tolerance,Tolerance,Tolerancia polÌ_tica,Tolerancia
drk1,Probabilidad de muerte o daÌ±o en desastres naturales,Likelihood of Death or Harm from Natural Disaster,"åÀQuÌ© tan probable serÌ_a que usted o alguien en su familia inmediata aquÌ_ en [paÌ_s] pueda morir o salir seriamente lastimado en un desastre natural como inundaciones, terremotos o huracanes/huaycos/deslaves/tornados en los prÌ_ximos 25 aÌ±os? åÀCree usted que es...?","How likely do you think it is that you or someone in your immediate family here in [country] could be killed or seriously injured in a natural disaster, such as floods, earthquakes, or hurricanes, in the next 25 years?",Climate Change/Disaster Risk Reduction,Environment,Cambio climÌÁtico/ReducciÌ_n de riesgos por desastres,Ambiente
dst1b,Gastar mÌÁs para hacer cumplir los cÌ_digos de construcciÌ_n,Spend More to Enforce Building Codes,"El gobierno debe gastar mÌÁs dinero para hacer cumplir los reglamentos de construcciÌ_n para hacer las viviendas mÌÁs seguras ante desastres naturales, incluso si esto significa gastar menos en otros programas. åÀQuÌ© tan de acuerdo o en desacuerdo estÌÁ usted con esta frase?","The government should spend more money to enforce building codes to make homes safer from natural disasters, even if it means spending less on other programs... How much do you agree or disagree?",Climate Change/Disaster Risk Reduction,Environment,Cambio climÌÁtico/ReducciÌ_n de riesgos por desastres,Ambiente
e5,Aprueba la participaciÌ_n en protestas permitidas por ley,Approval of Those Participating in Legal Demonstration,Que las personas participen en manifestaciones permitidas por la ley. åÀHasta quÌ© punto aprueba o desaprueba?,Of people participating in legal demonstrations. How much do you approve or disapprove?,Political Tolerance,Tolerance,Tolerancia polÌ_tica,Tolerancia
ed,AÌ±os de educaciÌ_n,Years of Schooling,AÌ±os de educaciÌ_n,Years of Schooling,Socio-Demographic Characteristics,Socio-Dem.,CaracterÌ_sticas sociodemogrÌÁficas,Sociodem.
eff1,Gobernantes estÌÁn interesados en lo que piensa la gente,Leaders Are Interested in What People Think,A los que gobiernan el paÌ_s les interesa lo que piensa la gente como usted. åÀHasta quÌ© punto estÌÁ de acuerdo o en desacuerdo con esta frase?,Those who govern this country are interested in what people like you think. How much do you agree or disagree with this statement?,"Evaluation of Institutions, Political System and Other Persons",Evaluations,"EvaluaciÌ_n de instituciones, sistema polÌ_tica y otras personas",Evaluaciones
eff2,Entiende los asuntos mÌÁs importantes del paÌ_s,Understands Important Political Issues,Usted siente que entiende bien los asuntos polÌ_ticos mÌÁs importantes del paÌ_s. åÀHasta quÌ© punto estÌÁ de acuerdo o en desacuerdo con esta frase?,You feel that you understand the most important political issues of this country. How much do you agree or disagree with this statement?,"Evaluation of Institutions, Political System and Other Persons",Evaluations,"EvaluaciÌ_n de instituciones, sistema polÌ_tica y otras personas",Evaluaciones
env1calt,ImplementaciÌ_n de ProtecciÌ_n Ambiental,Implementation of Environmental Protection,"Imagine que el gobierno nacional tiene dos opciones para implementar la protecciÌ_n del medio ambiente: Por un lado, puede darle recursos a su municipalidad, para que implemente esa protecciÌ_n. Por otra parte, puede darle fondos a otros grupos, como organizaciones no gubernamentales u organizaciones comunitarias que pueden decidir cÌ_mo implementar y administrar la protecciÌ_n. El gobierno solo puede llevar a cabo una de estas dos opciones. åÀCuÌÁl prefiere usted?","Imagine that the national government has two options to implement environmental protections: On the one hand, you can give resources to your municipality to implement that protection, on the other hand, you can give funds to other groups, like non-governmental organization or community organizations that can decide how to implement and administer protection. The government can only use on of these options. Which would you prefer?",NA,NA,NA,NA
env2b,Seriedad del cambio climÌÁtico,Seriousness of Climate Change,"Si no se hace nada para reducir el cambio climÌÁtico en el futuro, åÀquÌ© tan serio piensa usted que serÌ_a el problema para [paÌ_s]?","If nothing is done to reduce climate change in the future, how serious of a problem do you think it will be for [country]?",Climate Change/Disaster Risk Reduction,Environment,Cambio climÌÁtico/ReducciÌ_n de riesgos por desastres,Ambiente
estratosec,Estrato Secundario,Secondary Strata,Estrato Secundario,Secondary Strata,NA,NA,NA,NA
exc11,Le solicitaron soborno para trÌÁmite en municipalidad,Asked to Pay Bribe to Process Document in Municipality,"Para tramitar algo en el municipio, como un permiso, por ejemplo, durante el Ì¼ltimo aÌ±o, åÀha tenido que pagar alguna suma ademÌÁs de lo exigido por la ley?","In the last twelve months, to process any kind of document in your municipal government, like a permit for example, did you have to pay any money above that required by law?",Corruption,Corruption,CorrupciÌ_n,CorrupciÌ_n
exc13,Le solicitaron soborno en el trabajo,Asked to Pay a Bribe at Work,"En su trabajo, åÀle han solicitado alguna coima/soborno en los Ì¼ltimos 12 meses?","In your work, have you been asked to pay a bribe in the last twelve months?",Corruption,Corruption,CorrupciÌ_n,CorrupciÌ_n
exc14,Le solicitaron soborno en los juzgados,Asked to Pay a Bribe to the Courts,åÀHa tenido que pagar una coima/soborno en los juzgados en este Ì¼ltimo aÌ±o?,Did you have to pay a bribe to the courts in the last twelve months?,Corruption,Corruption,CorrupciÌ_n,CorrupciÌ_n
exc15,Le solicitaron soborno para en centro de salud pÌ¼blico,Asked to Pay a Bribe to use Public Health Services,"En los Ì¼ltimos 12 meses, åÀha tenido que pagar alguna coima/soborno para ser atendido en un hospital o en un puesto de salud?","In order to be seen in a hospital or a clinic in the last twelve months, did you have to pay a bribe?",Corruption,Corruption,CorrupciÌ_n,CorrupciÌ_n
exc16,Le solicitaron soborno en la escuela o colegio,Asked to Pay a Bribe at School,"En los Ì¼ltimos 12 meses, åÀtuvo que pagar alguna coima/soborno en la escuela o colegio?",Have you had to pay a bribe at school in the last twelve months?,Corruption,Corruption,CorrupciÌ_n,CorrupciÌ_n
exc18,Justifica el pago de coimas o sobornos,Paying a Bribe is Justified,åÀCree que como estÌÁn las cosas a veces se justifica pagar una coima/soborno?,"Do you think given the way things are, sometimes paying a bribe is justified?",Corruption,Corruption,CorrupciÌ_n,CorrupciÌ_n
exc2,Oficial de policÌ_a le solicitÌ_ un soborno,Police Officer Asked for a Bribe,åÀAlgÌ¼n agente de policÌ_a le pidiÌ_ una coima/soborno en los Ì¼ltimos 12 meses?,Has a police officer asked you for a bribe in the last twelve months?,Corruption,Corruption,CorrupciÌ_n,CorrupciÌ_n
exc6,Empleado pÌ¼blico le solicitÌ_ un soborno,Government Employee Asked for a Bribe,"åÀEn los Ì¼ltimos 12 meses, algÌ¼n empleado pÌ¼blico le ha solicitado una coima/soborno?","In the last twelve months, did any government employee ask you for a bribe?",Corruption,Corruption,CorrupciÌ_n,CorrupciÌ_n
exc7,PercepciÌ_n de corrupciÌ_n de funcionarios pÌ¼blicos,Perception of Public Corruption among Public Officials,"Teniendo en cuenta su experiencia o lo que ha oÌ_do mencionar, åÀla corrupciÌ_n de los funcionarios pÌ¼blicos en el paÌ_s estÌÁ","Taking into account your own experience or what you have heard, corruption among public officials is...",Corruption,Corruption,CorrupciÌ_n,CorrupciÌ_n
exc7new,Cantidad de polÌ_ticos involucrados en corrupciÌ_n,Amount of Corruption among Politicians,"Pensando en los polÌ_ticos de [paÌ_s], åÀcuÌÁntos de ellos cree usted que estÌÁn involucrados en corrupciÌ_n?","Thinking of politicians in [country], how many do you believe are involved in corruption?",Corruption,Corruption,CorrupciÌ_n,CorrupciÌ_n
formal,EconomÌ_a formal,Formal Economy,"Por este trabajo, åÀrealiza usted o su empleador contribuciones para su pensiÌ_n o jubilaciÌ_n?","For this job, do you or your employer make contributions to the social security/pension system?",Socio-Demographic Characteristics,Socio-Dem.,CaracterÌ_sticas sociodemogrÌÁficas,Sociodem.
gi0n,Frecuencia de ver noticias,Frequency of Watching News,"åÀCon quÌ© frecuencia sigue las noticias, ya sea en la televisiÌ_n, la radio, los periÌ_dicos o el Internet?","About how often do you pay attention to the news, whether on TV, the radio, newspapers or the internet?",Political/Electoral Engagement,Electoral Engagement,ParticipaciÌ_n polÌ_tica/electoral,ParticipaciÌ_n electoral
idio2,PercepciÌ_n de situaciÌ_n econÌ_mica personal,Perception of Personal Economic Situation,"åÀConsidera usted que su situaciÌ_n econÌ_mica actual es mejor, igual o peor que la de hace doce meses?","Do you think that your economic situation is better than, the same as, or worse than it was 12 months ago?",The Economy,Economy,La economÌ_a,EconomÌ_a
idiomaq,Idioma del cuestionario,Language of Questionnaire,Idioma del cuestionario,Language of questionnaire,NA,NA,NA,NA
infrax,Tiempo de respuesta de la policÌ_a,Police Response Time,"Suponga que alguien se mete a robar a su casa y usted llama a la policÌ_a. åÀCuÌÁnto tiempo cree que la PolicÌ_a se demorarÌ_a en llegar a su casa un dÌ_a cualquiera, a mediodÌ_a?",Suppose someone enters your home to burglarize it and you call the police. How long do you think it would take the police to arrive at your house on a typical day around noon?,Local Government,Local Government,Gobierno local,Gobierno local
ing4,La democracia es la mejor forma de gobierno,Democracy is Better than Any Other Form of Government,"Cambiando de nuevo el tema, puede que la democracia tenga problemas, pero es mejor que cualquier otra forma de gobierno. åÀHasta quÌ© punto estÌÁ de acuerdo o en desacuerdo con esta frase?","Changing the subject again, democracy may have problems, but it is better than any other form of government. To what extent do you agree or disagree with this statement?",Support for Democracy and Democratic Institutions,Democratic Support,Apoyo a la democracia e instituciones democrÌÁticas,Apoyo democrÌÁtico
inteval,Nivel de interÌ©s en la entrevista,Level of Interest in Interview,"En una escala de 1 a 10, donde 1 es nada interesante, y 10 es muy interesante, åÀquÌ© tan interesante le resultÌ_ a usted esta entrevista?","On a scale of 1 to 10, where 1 is not interesting, and 10 is very interesting, how interesting was this interview?",NA,NA,NA,NA
it1,Confianza interpersonal,Interpersonal Trust,"Ahora, hablando de la gente de por aquÌ_, åÀdirÌ_a que la gente de su comunidad es muy confiable, algo confiable, poco confiable o nada confiable?","And speaking of the people from around here, would you say that people in this community are very trustworthy, somewhat trustworthy, not very trustworthy or untrustworthy...?","Evaluation of Institutions, Political System and Other Persons",Evaluations,"EvaluaciÌ_n de instituciones, sistema polÌ_tica y otras personas",Evaluaciones
jc10,Golpe de Estado justificado frente a mucha delincuencia,Coup is Justified when Crime is High,Alguna gente dice que en ciertas circunstancias se justificarÌ_a que los militares de este paÌ_s tomen el poder por un golpe de Estado. En su opiniÌ_n se justificarÌ_a que hubiera un golpe de estado por los militares frente a las siguientes circunstancias... ? Frente a mucha delincuencia.,Some people say that under some circumstances it would be justified for the military of this country to take power by a coup d'Ì©tat (military coup). In your opinion would a military coup be justified under the following circumstances? When there is a lot of crime,Support for Democracy and Democratic Institutions,Democratic Support,Apoyo a la democracia e instituciones democrÌÁticas,Apoyo democrÌÁtico
jc13,Golpe de Estado justificado frenta a mucha corrupciÌ_n,Coup is Justified when Corruption is High,Alguna gente dice que en ciertas circunstancias se justificarÌ_a que los militares de este paÌ_s tomen el poder por un golpe de Estado. En su opiniÌ_n se justificarÌ_a que hubiera un golpe de estado por los militares frente a las siguientes circunstancias...? Frente a mucha corrupciÌ_n.,Some people say that under some circumstances it would be justified for the military of this country to take power by a coup d'Ì©tat (military coup). In your opinion would a military coup be justified under the following circumstances? When there is a lot of corruption,Support for Democracy and Democratic Institutions,Democratic Support,Apoyo a la democracia e instituciones democrÌÁticas,Apoyo democrÌÁtico
jc15a,Justifica que ejecutivo gobierne sin legislatura,Executive Justified in Governing without Legislature,"åÀCree usted que cuando el paÌ_s enfrenta momentos muy difÌ_ciles, se justifica que el [ejecutivo] del paÌ_s cierre [la legislatura] y gobierne sin [la legislatura]?",Do you believe that when the country is facing very difficult times it is justifiable for [the executive] of the country to close the [legislature] and govern without [the legislature]?,Support for Democracy and Democratic Institutions,Democratic Support,Apoyo a la democracia e instituciones democrÌÁticas,Apoyo democrÌÁtico
jc16a,Justifica que el ejecutivo disuelva la Corte Suprema,Justified for the Executive to Dissolve the Supreme Court,åÀCree usted que cuando el paÌ_s enfrenta momentos muy difÌ_ciles se justifica que el presidente/primer ministro del paÌ_s disuelva la Corte Suprema de Justicia y gobierne sin la Corte Suprema de Justicia?,Do you believe that when the country is facing very difficult times it is justifiable for the president/prime minister of the country to dissolve the Supreme Court of Justice and govern without the Supreme Court of Justice?,Support for Democracy and Democratic Institutions,Democratic Support,Apoyo a la democracia e instituciones democrÌÁticas,Apoyo democrÌÁtico
l1,IdeologÌ_a (izquierda / derecha),Ideology (Left / Right),"Cambiando de tema, en esta tarjeta tenemos una escala del 1 a 10 que va de izquierda a derecha, en la que el 1 significa izquierda y el 10 significa derecha. Hoy en dÌ_a cuando se habla de tendencias polÌ_ticas, mucha gente habla de aquellos que simpatizan mÌÁs con la izquierda o con la derecha. SegÌ¼n el sentido que tengan para usted los tÌ©rminos ""izquierda"" y ""derecha"" cuando piensa sobre su punto de vista polÌ_tico, åÀdÌ_nde se encontrarÌ_a usted en esta escala? DÌ_game el nÌ¼mero.","Now, to change the subject... On this card there is a 1-10 scale that goes from left to right. The number one means left and 10 means right. Nowadays, when we speak of political leanings, we talk of those on the left and those on the right. In other words, some people sympathize more with the left and others with the right. According to the meaning that the terms ""left"" and ""right"" have for you, and thinking of your own political leanings, where would you place yourself on this scale? Tell me the number.",Political and Religious Orientation,Beliefs,OrientaciÌ_n polÌ_tica y religiosa,Creencias
m1,AprobaciÌ_n del trabajo del ejecutivo,Executive Job Approval,"Hablando en general acerca del gobierno actual, åÀdirÌ_a usted que el trabajo que estÌÁ realizando el Presidente [nombre] es...?","Speaking in general of the current administration, how would you rate the job performance of President [NAME]?","Evaluation of Institutions, Political System and Other Persons",Evaluations,"EvaluaciÌ_n de instituciones, sistema polÌ_tica y otras personas",Evaluaciones
mil10a,Confiabilidad del gobierno chino,Trustworthiness of Chinese Government,"El gobierno de China. En su opiniÌ_n, åÀes muy confiable, algo confiable, poco confiable, nada confiable, o no tiene opiniÌ_n?","The government of China. In your opinion, is it very trustworthy, somewhat trustworthy, not very trustworthy, or not at all trustworthy, or do you not have an opinion?",Foreign Relations,Foreign relations,Relaciones internacionales,Relaciones internacionales
mil10e,Confiabilidad del gobierno estadounidense,Trustworthiness of US Government,"El gobierno de Estados Unidos. En su opiniÌ_n, åÀes muy confiable, algo confiable, poco confiable, nada confiable, o no tiene opiniÌ_n?","The government of the United States. In your opinion, is it very trustworthy, somewhat trustworthy, not very trustworthy, or not at all trustworthy, or do you not have an opinion?",Foreign Relations,Foreign relations,Relaciones internacionales,Relaciones internacionales
ocup1a,OcupaciÌ_n,Occupation,En su ocupaciÌ_n principal usted es...,In this job you are...,Socio-Demographic Characteristics,Socio-Dem.,CaracterÌ_sticas sociodemogrÌÁficas,Sociodem.
ocup4a,SituaciÌ_n laboral,Employment Status,åÀA quÌ© se dedica usted principalmente? åÀEstÌÁ usted actualmente...,How do you mainly spend your time? Are you currently...,Socio-Demographic Characteristics,Socio-Dem.,CaracterÌ_sticas sociodemogrÌÁficas,Sociodem.
ocupoit,OcupaciÌ_n,Occupation,åÀCuÌÁl es la ocupaciÌ_n o tipo de trabajo que realiza?,What is your occupation or the type of job you perform?,NA,NA,NA,NA
pais,PaÌ_s,Country,PaÌ_s,Country,NA,NA,NA,NA
pn4,SatisfacciÌ_n con la democracia,Satisfaction with Democracy,"En general, åÀusted dirÌ_a que estÌÁ muy satisfecho(a), satisfecho(a), insatisfecho(a) o muy insatisfecho(a) con la forma en que la democracia funciona en [paÌ_s]?","In general, would you say that you are very satisfied, satisfied, dissatisfied or very dissatisfied with the way democracy works in (country)?",Support for Democracy and Democratic Institutions,Democratic Support,Apoyo a la democracia e instituciones democrÌÁticas,Apoyo democrÌÁtico
pol1,InterÌ©s en la polÌ_tica,Political Interest,åÀQuÌ© tanto interÌ©s tiene usted en la polÌ_tica?,How much interest do you have in politics?,Political/Electoral Engagement,Electoral Engagement,ParticipaciÌ_n polÌ_tica/electoral,ParticipaciÌ_n electoral
pra10,Preocupado si dejara el trabajo para postularse,Concerned if Giving Up Job to Run for Office,Imagine que usted estÌÁ considerando presentarse como candidato a una elecciÌ_n en los prÌ_ximos aÌ±os. åÀQuÌ© tan preocupado estarÌ_a por tener que renunciar a su ingreso o trabajo para presentarse a una elecciÌ_n?,Imagine that you are considering to stand as a candidate for election in the next few years. How concerned are you about having to give up a job to run for election?,NA,NA,NA,NA
pra2n,Calificado para laborar como funcionario electo,Feels Qualified to Do the Work of Elected Official,"En general, åÀquÌ© tan calificado(a) o capacitado(a) se siente usted para realizar el trabajo de un funcionario polÌ_tico electo, como por ejemplo diputado, alcalde o regidor?","In general, how qualified do you feel to perform the work of an elected official, such as a deputy, mayor, or alderman?",NA,NA,NA,NA
pra8an_1,Motivado por los lÌ_deres polÌ_tico,Encouraged by Political Leader,"åÀQuiÌ©n lo(a) alentÌ_? [Leer alternativas. Marcar TODAS las que mencione]. Seleccionado: LÌ_deres polÌ_ticos (nacionales, locales)","Who encouraged you? [Read alternatives. Mark ALL that are mentioned.] Selected: Political leaders (National, Local)",NA,NA,NA,NA
pra8an_2,Motivado por otros lÌ_deres o grupos de la comunidad,Encouraged by Other Community Leaders or Groups,åÀQuiÌ©n lo(a) alentÌ_? [Leer alternativas. Marcar TODAS las que mencione]. Seleccionado: Otros lÌ_deres o grupos de la comunidad local (no polÌ_ticos),Who encouraged you? [Read alternatives. Mark ALL that are mentioned.] Selected: Other community leaders or groups (non-political),NA,NA,NA,NA
pra8an_3,Motivado por otros lÌ_deres o grupos nacionales,Encouraged by Other National Leaderes or Groups,åÀQuiÌ©n lo(a) alentÌ_? [Leer alternativas. Marcar TODAS las que mencione]. Seleccionado: Otros lÌ_deres o grupos nacionales,Who encouraged you? [Read alternatives. Mark ALL that are mentioned.] Selected: Other national leaders or groups,NA,NA,NA,NA
pra8an_5,"Motivado por jefe, empleador o patrÌ_n","Encouraged by Boss, Employer, or Patron","åÀQuiÌ©n lo(a) alentÌ_? [Leer alternativas. Marcar TODAS las que mencione]. Seleccionado: Su jefe, empleador o patrÌ_n","Who encouraged you? [Read alternatives. Mark ALL that are mentioned.] Selected: Boss, employer, or patron",NA,NA,NA,NA
pra8an_6,"Motivado por miembros defamilia, amigos o colegas","Encouraged by Family, Friends, Colleagues","åÀQuiÌ©n lo(a) alentÌ_? [Leer alternativas. Marcar TODAS las que mencione]. Seleccionado: Miembros de su familia, amigos o colegas","Who encouraged you? [Read alternatives. Mark ALL that are mentioned.] Selected: Family members, friends or colleagues",NA,NA,NA,NA
pra8an_7,Motivado por miembros de los medios,Encouraged by Members of the Media,åÀQuiÌ©n lo(a) alentÌ_? [Leer alternativas. Marcar TODAS las que mencione]. Seleccionado: Miembros de los medios de comunicaciÌ_n,Who encouraged you? [Read alternatives. Mark ALL that are mentioned.] Selected: Members of the media,NA,NA,NA,NA
pra8an_77,Motivado por alguna otra person,Encouraged by Some Other Person,åÀQuiÌ©n lo(a) alentÌ_? [Leer alternativas. Marcar TODAS las que mencione]. Seleccionado: Otros (especifiar),Who encouraged you? [Read alternatives. Mark ALL that are mentioned.] Selected: Other (specify),NA,NA,NA,NA
pra8n,Motivado a presentarse como candiadato,Encouraged to Stand as Candidate for Political Office,åÀAlguna vez lo(a) alentaron personalmente a presentarse como candidato(a) a una elecciÌ_n para un cargo pÌ¼blico?,Have you ever been personally encouraged to stand as a candidate for an election to public office?,Civic and Political Engagement,Civic Engagement,ParticipaciÌ_n cÌ_vica y polÌ_tica,ParticipaciÌ_n cÌ_vica
prot3,ParticipÌ_ en una protesta,Participated in a Protest,åÀEn los Ì¼ltimos 12 meses ha participado en una manifestaciÌ_n o protesta pÌ¼blica?,"In the last 12 months, have you participated in a demonstration or protest march?",Civic and Political Engagement,Civic Engagement,ParticipaciÌ_n cÌ_vica y polÌ_tica,ParticipaciÌ_n cÌ_vica
psc1,Fuente principal de agua potable,Main Source of Drinking Water,åÀCuÌÁl es la principal fuente de agua que usan para tomar o beber los miembros de su hogar?,What is the main source of drinking-water for members of your household?,NA,NA,NA,NA
psc10,NÌ¼mero de facturas de agua sin pagar,Number of Water Bills Unpaid,"En ocasiones, la gente no paga los recibos de agua por distintas razones: no creen que sea importante, creen que el agua deberÌ_a ser gratis o porque no pueden pagarla. åÀDe las Ì¼ltimas 6 facturas/recibos de agua que recibiÌ_, dejÌ_ de pagar alguna?","Sometimes, people do not pay their water bills for different reasons: they do not believe it is important, they believe water should be free, or they cannot afford it. Of the past six water bills you received, did you not pay any?",NA,NA,NA,NA
psc11,ConexiÌ_n de baÌ±o,Bathroom Connection,åÀEl baÌ±o o servicio higiÌ©nico/sanitario de esta vivienda estÌÁ conectado a...,The bathroom or toilet facility/sanitary in this household is connected to...,NA,NA,NA,NA
psc11a,Tipo de sistema de baÌ±o,Type of Toilet System,åÀQuÌ© utilizan en su hogar como baÌ±o?,What do you use in your household as a bathroom?,NA,NA,NA,NA
psc12,BaÌ±o compartido con otros hogares,Toilet Facility Shared with Other Households,åÀUsted comparte este baÌ±o con otros hogares?,Do you share this facility with other households?,NA,NA,NA,NA
psc13_1,Basura: RecolecciÌ_n domiciliaria de basura formal,Trash: Household Waste Collection (formal),"Por favor, me podrÌ_a decir, åÀcÌ_mo eliminan la basura en esta vivienda? [NO leer alternativas. Marcar todas las que correspondan] RecolecciÌ_n domiciliaria de basura (pasa servicio municipal/formal de recolecciÌ_n)","Please tell me, how do you get rid of trash at your home? [Don't read alternatives. Mark all that apply] Household waste collection (municipal/formal service)",NA,NA,NA,NA
psc13_10,Basura: Recicla en su hogar,Trash: Recycle at Home,"Por favor, me podrÌ_a decir, åÀcÌ_mo eliminan la basura en esta vivienda? [NO leer alternativas. Marcar todas las que correspondan] Recicla en su hogar (no abono)","Please tell me, how do you get rid of trash at your home? [Don't read alternatives. Mark all that apply] Recycle at home (not compost)",NA,NA,NA,NA
psc13_11,Basura: Lleva a centro de recepciÌ_n para reciclado,Trash: Take to Recycling Center,"Por favor, me podrÌ_a decir, åÀcÌ_mo eliminan la basura en esta vivienda? [NO leer alternativas. Marcar todas las que correspondan] Lleva a centro de recepciÌ_n para reciclado","Please tell me, how do you get rid of trash at your home? [Don't read alternatives. Mark all that apply] Take to recycling center",NA,NA,NA,NA
psc13_12,Basura: RecolecciÌ_n domiciliaria para reciclaje formal,Trash: Household Recycling Collection (formal),"Por favor, me podrÌ_a decir, åÀcÌ_mo eliminan la basura en esta vivienda? [NO leer alternativas. Marcar todas las que correspondan] RecolecciÌ_n domiciliaria para reciclaje (municipal/formal)","Please tell me, how do you get rid of trash at your home? [Don't read alternatives. Mark all that apply] Household collection for recycling (municipal/formal)",NA,NA,NA,NA
psc13_13,Basura: RecolecciÌ_n domiciliaria para reciclaje informal,Trash: Household Recycling Collection (informal),"Por favor, me podrÌ_a decir, åÀcÌ_mo eliminan la basura en esta vivienda? [NO leer alternativas. Marcar todas las que correspondan] RecolecciÌ_n domiciliaria para reciclaje (informal/recolector)","Please tell me, how do you get rid of trash at your home? [Don't read alternatives. Mark all that apply] Household collection for recycling (informal/garbage pickers)",NA,NA,NA,NA
psc13_2,Basura: RecolecciÌ_n domiciliaria de basura informal,Trash: Household Waste Collection (informal),"Por favor, me podrÌ_a decir, åÀcÌ_mo eliminan la basura en esta vivienda? [NO leer alternativas. Marcar todas las que correspondan] RecolecciÌ_n domiciliaria de basura (pasa servicio informal de recolecciÌ_n)","Please tell me, how do you get rid of trash at your home? [Don't read alternatives. Mark all that apply] Household waste collection (informal service/garbage pickers)",NA,NA,NA,NA
psc13_3,Basura: La deposita en contenedores comunales,Trash: Disposal at Neighborhood/Community Containers,"Por favor, me podrÌ_a decir, åÀcÌ_mo eliminan la basura en esta vivienda? [NO leer alternativas. Marcar todas las que correspondan] La deposita en contenedores comunales/barriales","Please tell me, how do you get rid of trash at your home? [Don't read alternatives. Mark all that apply] Disposal at neighborhood/community waste containers",NA,NA,NA,NA
psc13_4,Basura: La lleva al basurero municipal,Trash: Municipal Landfill,"Por favor, me podrÌ_a decir, åÀcÌ_mo eliminan la basura en esta vivienda? [NO leer alternativas. Marcar todas las que correspondan] La lleva al botadero/vertedero/basurero municipal","Please tell me, how do you get rid of trash at your home? [Don't read alternatives. Mark all that apply] Take it to municipal landfill",NA,NA,NA,NA
psc13_5,Basura: La entierra,Trash: Bury It,"Por favor, me podrÌ_a decir, åÀcÌ_mo eliminan la basura en esta vivienda? [NO leer alternativas. Marcar todas las que correspondan] La entierra","Please tell me, how do you get rid of trash at your home? [Don't read alternatives. Mark all that apply] Bury it",NA,NA,NA,NA
psc13_6,Basura: La prepara para abono/hace compost,Trash: Compost,"Por favor, me podrÌ_a decir, åÀcÌ_mo eliminan la basura en esta vivienda? [NO leer alternativas. Marcar todas las que correspondan] La prepara para abono/hace compost","Please tell me, how do you get rid of trash at your home? [Don't read alternatives. Mark all that apply] Make compost",NA,NA,NA,NA
psc13_7,Basura: La quema,Trash: Burn It,"Por favor, me podrÌ_a decir, åÀcÌ_mo eliminan la basura en esta vivienda? [NO leer alternativas. Marcar todas las que correspondan] La quema","Please tell me, how do you get rid of trash at your home? [Don't read alternatives. Mark all that apply] Burn it",NA,NA,NA,NA
psc13_8,Basura: La tira en terreno o en curso de agua,Trash: Disposal in Vacant Lots/Waterways,"Por favor, me podrÌ_a decir, åÀcÌ_mo eliminan la basura en esta vivienda? [NO leer alternativas. Marcar todas las que correspondan] La tira en terreno baldÌ_o/basural o en curso de agua","Please tell me, how do you get rid of trash at your home? [Don't read alternatives. Mark all that apply] Disposal in vacant lot/waste land or in waterway",NA,NA,NA,NA
psc13_9,Basura: La tira en otro/cualquier lugar,Trash: Disposal in Other/Any Place,"Por favor, me podrÌ_a decir, åÀcÌ_mo eliminan la basura en esta vivienda? [NO leer alternativas. Marcar todas las que correspondan] La tira en otro/cualquier lugar","Please tell me, how do you get rid of trash at your home? [Don't read alternatives. Mark all that apply] Disposal in other/any place",NA,NA,NA,NA
psc2,Fuente principal de agua no bebible,Main Source of Water for Non-Drinking Purposes,"åÀCuÌÁl es la principal fuente de agua usada en su hogar para otros propÌ_sitos, tales como cocinar y lavarse las manos?","What is the main source of water used by your household for other purposes, such as cooking and hand washing?",NA,NA,NA,NA
psc3_0,No hay problemas en el hogar,No Home Problems,"Voy a mencionar algunos problemas con los que muchos [gentilicios] hemos tenido que lidiar en los Ì¼ltimos aÌ±os. åÀCuÌÁles de estos ha experimentado usted personalmente, o alguien de su hogar, en los Ì¼ltimos tres aÌ±os? [Leer alternativas. Marcar todas las que correspondan] Ninguno","I will mention some problems that many [denonym] have had to deal with in recent years. Which of these have you experienced personally, or someone in your home, in the last three years? [Read alternatives. Mark all that apply.] None",NA,NA,NA,NA
psc3_1,Tuvo falta de agua en casa,Experienced Lack of Water,"Voy a mencionar algunos problemas con los que muchos [gentilicios] hemos tenido que lidiar en los Ì¼ltimos aÌ±os. åÀCuÌÁles de estos ha experimentado usted personalmente, o alguien de su hogar, en los Ì¼ltimos tres aÌ±os? [Leer alternativas. Marcar todas las que correspondan] SequÌ_as que tengan como consecuencia cortes o falta de agua","I will mention some problems that many [denonym] have had to deal with in recent years. Which of these have you experienced personally, or someone in your home, in the last three years? [Read alternatives. Mark all that apply.] Droughts that result in cuts or lack of water",NA,NA,NA,NA
psc3_2,Tuvo cortes de energÌ_a en casa,Experienced Power Outages,"Voy a mencionar algunos problemas con los que muchos [gentilicios] hemos tenido que lidiar en los Ì¼ltimos aÌ±os. åÀCuÌÁles de estos ha experimentado usted personalmente, o alguien de su hogar, en los Ì¼ltimos tres aÌ±os? [Leer alternativas. Marcar todas las que correspondan] Cortes de energÌ_a elÌ©ctrica (luz)","I will mention some problems that many [denonym] have had to deal with in recent years. Which of these have you experienced personally, or someone in your home, in the last three years? [Read alternatives. Mark all that apply.] Electrical power cuts",NA,NA,NA,NA
psc3_3,Tuvo inundaciones,Experienced Floods,"Voy a mencionar algunos problemas con los que muchos [gentilicios] hemos tenido que lidiar en los Ì¼ltimos aÌ±os. åÀCuÌÁles de estos ha experimentado usted personalmente, o alguien de su hogar, en los Ì¼ltimos tres aÌ±os? [Leer alternativas. Marcar todas las que correspondan] Inundaciones","I will mention some problems that many [denonym] have had to deal with in recent years. Which of these have you experienced personally, or someone in your home, in the last three years? [Read alternatives. Mark all that apply.] Floods",NA,NA,NA,NA
psc4,Responsable de la falta de agua,Responsible for Lack of Water,åÀQuiÌ©n cree que es el principal responsable de las sequÌ_as que tienen como consecuencia cortes o falta de agua?,Who do you believe is primarily responsible for the lack of water?,NA,NA,NA,NA
psc5,Responsable de cortes de energÌ_a,Responsible for Power Outages,åÀQuiÌ©n cree que es el principal responsable de los cortes de energÌ_a elÌ©ctrica?,Who do you believe is primarily responsible for the power outage?,NA,NA,NA,NA
psc6,Responsable de inundaciones,Responsible for Flooding,åÀQuiÌ©n cree que es el principal responsable de las inundaciones?,Who do you believe is primarily responsible for the flooding?,NA,NA,NA,NA
psc7,NÌ¼mero de dÌ_as por semana con agua pÌ¼blica,Number of Days per Week with Water from Public Lines,åÀCuÌÁntos dÌ_as por semana recibe agua del/por acueducto/caÌ±erÌ_a/tuberÌ_a/ red pÌ¼blica?,How many days a week do you receive water from the water piping/public water line?,NA,NA,NA,NA
psc8,NÌ¼mero de horas por dÌ_a cib servicio de agua,Number of Hours per Day with Water when in Service,åÀCuÌÁntas horas de agua al dÌ_a tiene cuando tiene el servicio? Anotar cantidad de horas.,How many hours of water per day do you get during the days you have service? Write down amount of hours.,NA,NA,NA,NA
psc9,NÌ¼mero de interrupciÌ_nes del servicio de agua,Number of Times of Water Service Interruption,"åÀDurante las Ì¼ltimas cuatro semanas, cuÌÁntas veces fue interrumpido el servicio regular/habitual de agua?","During the past four weeks, how many times has the regular water service been interrupted?",NA,NA,NA,NA
q1,Sexo,Sex,GÌ©nero,Sex,Socio-Demographic Characteristics,Socio-Dem.,CaracterÌ_sticas sociodemogrÌÁficas,Sociodem.
q10a,Recibe remesas,Receives Remittances,"åÀUsted o alguien que vive en su casa recibe remesas, es decir, ayuda econÌ_mica del exterior?","Do you or someone else living in your household receive remittances, that is, economic assistance from abroad?",Migration,Migration,MigraciÌ_n,MigraciÌ_n
q10e,Ingreso del hogar en los Ì¼ltimos dos aÌ±os,Household Income Over Last Two Years,"En los Ì¼ltimos dos aÌ±os, el ingreso de su hogar","Over the past two years, has the income of your household",The Economy,Economy,La economÌ_a,EconomÌ_a
q11n,Estado civil,Marital Status,åÀCuÌÁl es su estado civil?,What is your marital status?,Socio-Demographic Characteristics,Socio-Dem.,CaracterÌ_sticas sociodemogrÌÁficas,Sociodem.
q12bn,NÌ¼mero de niÌ±os menores de 13 aÌ±os en el hogar,Number of Children under 13 in Household,åÀCuÌÁntos niÌ±os menores de 13 aÌ±os viven en este hogar?,How many children under the age of 13 live in this household?,Socio-Demographic Characteristics,Socio-Dem.,CaracterÌ_sticas sociodemogrÌÁficas,Sociodem.
q12c,NÌ¼mero de personas en el hogar,Number of People in Household,åÀCuÌÁntas personas en total viven en su hogar en este momento?,How many people in total live in this household at this time?,Socio-Demographic Characteristics,Socio-Dem.,CaracterÌ_sticas sociodemogrÌÁficas,Sociodem.
q14,Intenciones de vivir o trabajar en otro paÌ_s,Intends to Live or Work Abroad,åÀTiene usted intenciones de irse a vivir o a trabajar a otro paÌ_s en los prÌ_ximos tres aÌ±os?,Do you have any intention of going to live or work in another country in the next three years?,Migration,Migration,MigraciÌ_n,MigraciÌ_n
q2,Edad,Age,Edad,Age,Socio-Demographic Characteristics,Socio-Dem.,CaracterÌ_sticas sociodemogrÌÁficas,Sociodem.
q3cn,ReligiÌ_n,Religion,"Si usted es de alguna religiÌ_n, åÀpodrÌ_a decirme cuÌÁl es su religiÌ_n?","What is your religion, if any?",Political and Religious Orientation,Beliefs,OrientaciÌ_n polÌ_tica y religiosa,Creencias
q5a,Asistencia a servicios religiosos,Attendance at Religious Services,åÀCon quÌ© frecuencia asiste usted a servicios religiosos?,How often do you attend religious services?,Political and Religious Orientation,Beliefs,OrientaciÌ_n polÌ_tica y religiosa,Creencias
q5b,Importancia de la religiÌ_n,Importance of Religion,"Por favor, åÀpodrÌ_a decirme, quÌ© tan importante es la religiÌ_n en su vida?",Could you please tell me how important is religion in your life?,Political and Religious Orientation,Beliefs,OrientaciÌ_n polÌ_tica y religiosa,Creencias
r1,TelevisiÌ_n en casa,Television in Home,PodrÌ_a decirme si en su casa tienen-TelevisiÌ_n,Could you tell me if you have the following in your house-Television,Socio-Demographic Characteristics,Socio-Dem.,CaracterÌ_sticas sociodemogrÌÁficas,Sociodem.
r12,Agua potable en la vivienda,Drinking water in Home,PodrÌ_a decirme si en su casa tienen- Agua potable dentro de la vivienda,Could you tell me if you have the following in your house-Indoor Plumbing,Socio-Demographic Characteristics,Socio-Dem.,CaracterÌ_sticas sociodemogrÌÁficas,Sociodem.
r14,Cuarto de baÌ±o dentro de casa,Indoor Bathroom in Home,PodrÌ_a decirme si en su casa tienen- Cuarto de baÌ±o dentro de la casa,Could you tell me if you have the following in your house-Indoor Bathroom,Socio-Demographic Characteristics,Socio-Dem.,CaracterÌ_sticas sociodemogrÌÁficas,Sociodem.
r15,Computadora en casa,Computer in Home,PodrÌ_a decirme si en su casa tienen-Computadora (acepta tableta / iPad),Could you tell me if you have the following in your house-Computer (accept tablet / iPad),Socio-Demographic Characteristics,Socio-Dem.,CaracterÌ_sticas sociodemogrÌÁficas,Sociodem.
r16,Televisor de pantalla plana en casa,Flat Panel TV in Home,PodrÌ_a decirme si en su casa tienen-Televisor de pantalla plana,Could you tell me if you have the following in your house-Flat panel TV,Socio-Demographic Characteristics,Socio-Dem.,CaracterÌ_sticas sociodemogrÌÁficas,Sociodem.
r18,Servicio de Internet en casa,Internet Service in Home,PodrÌ_a decirme si en su casa tienen-Servicio de Internet (incluyendo telÌ©fono o tableta),Could you tell me if you have the following in your house-Internet Service in your Home (including telephone and tablet),Socio-Demographic Characteristics,Socio-Dem.,CaracterÌ_sticas sociodemogrÌÁficas,Sociodem.
r3,Refrigerador en casa,Refrigerator in Home,PodrÌ_a decirme si en su casa tienen- Refrigerador (nevera),Could you tell me if you have the following in your house-Refrigerator,Socio-Demographic Characteristics,Socio-Dem.,CaracterÌ_sticas sociodemogrÌÁficas,Sociodem.
r4,TelÌ©fono convencional en casa,Landline in Home,PodrÌ_a decirme si en su casa tienen- TelÌ©fono convencional / fijo / residencial (no celular),Could you tell me if you have the following in your house-Landline / residential telephone (not cellular),Socio-Demographic Characteristics,Socio-Dem.,CaracterÌ_sticas sociodemogrÌÁficas,Sociodem.
r4a,TelÌ©fono celular en casa,Cellular Telephone in Home,PodrÌ_a decirme si en su casa tienen- TelÌ©fono celular (acepta smartphone / telÌ©fono inteligente),Could you tell me if you have the following in your house-Cellular Telephone (accept smartphone),Socio-Demographic Characteristics,Socio-Dem.,CaracterÌ_sticas sociodemogrÌÁficas,Sociodem.
r5,NÌ¼mero de vehÌ_culos en casa,Number of Vehicles at the House,"PodrÌ_a decirme si en su casa tienen- VehÌ_culo o automÌ_vil, CuÌÁntos?","Could you tell me if you have the following in your house-Vehicle/car, How many?",Socio-Demographic Characteristics,Socio-Dem.,CaracterÌ_sticas sociodemogrÌÁficas,Sociodem.
r6,Lavadora de ropa en casa,Washing Machine in Home,PodrÌ_a decirme si en su casa tienen- Lavadora de ropa,Could you tell me if you have the following in your house-Washing Machine,Socio-Demographic Characteristics,Socio-Dem.,CaracterÌ_sticas sociodemogrÌÁficas,Sociodem.
r7,Horno microondas en casa,Microwave Oven in Home,PodrÌ_a decirme si en su casa tienen- Horno microondas,Could you tell me if you have the following in your house-Microwave Oven,Socio-Demographic Characteristics,Socio-Dem.,CaracterÌ_sticas sociodemogrÌÁficas,Sociodem.
r8,Tiene motocicleta,Owns Motorcycle,PodrÌ_a decirme si en su casa tienen- Motocicleta,Could you tell me if you have the following in your house-Motorcycle,Socio-Demographic Characteristics,Socio-Dem.,CaracterÌ_sticas sociodemogrÌÁficas,Sociodem.
redist1,El gobierno debe gastar mÌÁs en ayudar a los pobres,Government Must Spend More Helping Poor,El gobierno debe gastar mÌÁs en ayudar a los pobres. åÀHasta quÌ© punto estÌÁ de acuerdo o en desacuerdo con esta frase?,The government must spend more on helping the poor. To what extent do you agree or disagree with this phrase?,The Economy,Economy,La economÌ_a,EconomÌ_a
redist2a,De acuerdo que ricos paguen mÌÁs en impuestos,Okay for Rich to Pay High Taxes,EstÌÁ bien que los ricos paguen mucho en impuestos pero reciban poco en servicios del Estado. åÀHasta quÌ© punto estÌÁ de acuerdo o en desacuerdo?,It's okay for the rich to pay a lot in taxes but receive little in state services. To what extent do you agree or disagree?,The Economy,Economy,La economÌ_a,EconomÌ_a
redist3,MayorÌ_a de desempleados podrÌ_a encontrar un trabajo,Most Unemployed Could Find Job if Wanted,La mayorÌ_a de los desempleados podrÌ_a encontrar un trabajo si quisiera. åÀHasta quÌ© punto estÌÁ de acuerdo o en desacuerdo?,Most of the unemployed could find a job if they wanted to. To what extent do you agree or disagree?,The Economy,Economy,La economÌ_a,EconomÌ_a
ros4,Estado debe reducir la desigualdad,Government Should Reduce Income Inequality,El Estado [nacionalidad] debe implementar polÌ_ticas firmes para reducir la desigualdad de ingresos entre ricos y pobres. åÀHasta quÌ© punto estÌÁ de acuerdo o en desacuerdo con esta frase?,The [nationality] government should implement strong policies to reduce income inequality between the rich and the poor. To what extent do you agree or disagree with this statement?,The Economy,Economy,La economÌ_a,EconomÌ_a
smedia1,Tiene cuenta de Facebook,Has Facebook Account,åÀTiene usted cuenta de Facebook?,Do you have a Facebook account?,Social Media,Social Media,Medios sociales,Medios sociales
smedia2,Ver contenido de Facebook de frecuencia,Frequency Viewing Facebook Content,åÀCon quÌ© frecuencia ve contenido en Facebook?,How often do you view content on Facebook?,NA,NA,NA,NA
smedia3,Frecuencia en observar info. polÌ_tica en  Facebook,Frequency Viewing Political Info. on Facebook,åÀCon quÌ© frecuencia ve informaciÌ_n polÌ_tica en Facebook?,How often do you view political information on Facebook?,NA,NA,NA,NA
smedia4,Tiene cuenta de Twitter,Has Twitter Account,åÀTiene usted cuenta de Twitter?,Do you have a Twitter account?,Social Media,Social Media,Medios sociales,Medios sociales
smedia5,Ver contenido de Twitter de frecuencia,Frequency Viewing Twitter Content,åÀCon quÌ© frecuencia ve contenido en Twitter?,How often do you view content on Twitter?,NA,NA,NA,NA
smedia6,Frecuencia en observar info. polÌ_tica en  Twitter,Frequency Viewing Political Info. on Twitter,åÀCon quÌ© frecuencia ve informaciÌ_n polÌ_tica en Twitter?,How often do you view political information on Twitter?,NA,NA,NA,NA
smedia7,Cuenta Whatsapp,Has Whatsapp Account,åÀTiene usted cuenta de WhatsApp?,Do you have a WhatsApp account?,Social Media,Social Media,Medios sociales,Medios sociales
smedia8,Frecuencia usando WhatsApp,Frequency Using WhatsApp,åÀCon quÌ© frecuencia usa WhatsApp?,How often do you use WhatsApp?,NA,NA,NA,NA
smedia9,Frecuencia en observar info. polÌ_tica en WhatsApp,Frequency Viewing Political Info. on WhatsApp,åÀCon quÌ© frecuencia ve informaciÌ_n polÌ_tica en WhatsApp?,How often do you view political information on WhatsApp?,NA,NA,NA,NA
soct2,EvaluaciÌ_n de la economÌ_a,Evaluation of the Economy,"åÀConsidera usted que la situaciÌ_n econÌ_mica del paÌ_s es mejor, igual o peor que hace doce meses?","Do you think that the country's current economic situation is better than, the same as or worse than it was 12 months ago?",The Economy,Economy,La economÌ_a,EconomÌ_a
ur,Urbano/Rural,Urban/Rural,Urbano/Rural,Urban/Rural,Sample Identification/Geographic,Sample Id,IdentificaciÌ_n muestral/geogrÌÁfica,Id muestral
vb10,Simpatiza con algÌ¼n partido polÌ_tico,Identifies with a Political Party,"åÀEn este momento, simpatiza con algÌ¼n partido polÌ_tico?",Do you currently identify with a political party?,Civic and Political Engagement,Civic Engagement,ParticipaciÌ_n cÌ_vica y polÌ_tica,ParticipaciÌ_n cÌ_vica
vb2,VotÌ_ en las Ì¼ltimas elecciones presidenciales,Voted in Last Presidential Election,åÀVotÌ_ usted en [la primera ronda de] las Ì¼ltimas elecciones presidenciales de [aÌ±o]?,Did you vote in the [first round of the] last presidential elections of [year]?,Civic and Political Engagement,Civic Engagement,ParticipaciÌ_n cÌ_vica y polÌ_tica,ParticipaciÌ_n cÌ_vica
vb20,IntenciÌ_n de voto presidencial,Vote Intention for President,"åÀSi esta semana fueran las prÌ_ximas elecciones presidenciales, quÌ© harÌ_a usted?","If the next presidential elections were being held this week, what would you do?",Civic and Political Engagement,Civic Engagement,ParticipaciÌ_n cÌ_vica y polÌ_tica,ParticipaciÌ_n cÌ_vica
vb50,Hombres son mejores lÌ_deres polÌ_ticos que mujeres,Men Are Better Political Leaders than Women,"Algunos dicen que en general, los hombres son mejores lÌ_deres polÌ_ticos que las mujeres. åÀEstÌÁ usted muy de acuerdo, de acuerdo, en desacuerdo, o muy en desacuerdo?","Some say that in general, men make better political leaders than women. Do you strongly agree, agree , disagree, or strongly disagree?",Gender,Gender,GÌ©nero,GÌ©nero
vb51,Hombres/Mujeres: mÌÁs corruptos como politicos,Men or Women: More Corrupt as Politicians,"åÀQuiÌ©n cree usted que serÌ_a mÌÁs corrupto como polÌ_tico, un hombre, una mujer, o ambos por igual?","Who do you think would be more corrupt as a politician, a man or a woman, or are both the same?",Gender,Gender,GÌ©nero,GÌ©nero
vb52,Hombres/Mujeres: manejan mejor la economÌ_a,Men or Women: Better Manager of Economy,"Y si le toca a un polÌ_tico o a una polÌ_tica manejar la economÌ_a nacional, åÀquiÌ©n va a hacer el mejor trabajo; un hombre, una mujer o no importa?","If a politician is responsible for running the national economy, who would do a better job, a man, or a woman or does it not matter?",Gender,Gender,GÌ©nero,GÌ©nero
vb58,Los niÌ±os sufren con madres trabajadoras,Children Suffer with Working Mothers,"åÀQuÌ© tan de acuerdo o en desacuerdo estÌÁ usted con la siguiente frase? Cuando la madre trabaja fuera de la casa, los hijos sufren.","How much do you agree or disagree with the next sentence? When the mother works outside the home, the children suffer.",Gender,Gender,GÌ©nero,GÌ©nero
vic1ext,VÌ_ctima de delincuencia,Victim of Crime,"åÀHa sido usted vÌ_ctima de algÌ¼n acto de delincuencia en los Ì¼ltimos 12 meses? Es decir, åÀha sido usted vÌ_ctima de un robo, hurto, agresiÌ_n, fraude, chantaje, extorsiÌ_n, amenazas o algÌ¼n otro tipo de acto delincuencial en los Ì¼ltimos 12 meses?","Have you been a victim of any type of crime in the past 12 months? That is, have you been a victim of robbery, burglary, assault, fraud, blackmail, extortion, violent threats or any other type of crime in the past 12 months?","Crime, Insecurity, and Policy Preferences",Democratic Support,Apoyo a la democracia e instituciones democrÌÁticas,Apoyo democrÌÁtico
w14a,JustificaciÌ_n del aborto,Abortion Justified,"Y ahora, pensando en otros temas. åÀCree usted que se justificarÌ_a la interrupciÌ_n del embarazo, o sea, un aborto, cuando peligra la salud de la madre?","And now, thinking about other topics. Do you think it's justified to interrupt a pregnancy, that is, to have an abortion, when the mother's health is in danger?",Gender,Gender,GÌ©nero,GÌ©nero
wf1,Recibe asistencia del gobierno,Receives Government Assistance,"åÀUsted o alguien en su casa recibe ayuda (regular/periÌ_dica) en dinero, alimento o en productos de parte del gobierno, sin contar las pensiones?","Do you or someone in your household (regularly) receive assistance in the form of money, food, or products from the government, not including pensions/social security?",Socio-Demographic Characteristics,Socio-Dem.,CaracterÌ_sticas sociodemogrÌÁficas,Sociodem.
year,AÌ±o,Year,AÌ±o,Year,Sample Identification/Geographic,Sample Id,IdentificaciÌ_n muestral/geogrÌÁfica,Id muestral
wt,,,,,,,,
weight1500,,,,,,,,