column_name,question_short_es,question_short_en,question_es,question_en,category_en,category_short_en,category_es,category_short_es
cp13,Asistencia a reuniones de partidos políticos,Attendance at Meetings of Political Parties,"Por favor, dígame si usted asiste a las reuniones de estas organizaciones por lo menos una vez a la semana, una o dos veces al mes, una o dos veces al año, o nunca. ¿Reuniones de un partido o movimiento político? Asiste...","Please tell me if you attend meetings of these organizations at least once a week, once or twice a month, once or twice a year, or never. Meetings of a political party or political organization? Do you attend them...",Civic and Political Engagement,Civic Engagement,Participación cívica y política,Participación cívica
cp6,Asistencia a reuniones de organización religiosa,Attendance at Meetings of Religious Organization,"Por favor, dígame si usted asiste a las reuniones de estas organizaciones por lo menos una vez a la semana, una o dos veces al mes, una o dos veces al año, o nunca. ¿Reuniones de alguna organización religiosa? Asiste...","Please tell me if you attend meetings of these organizations at least once a week, once or twice a month, once or twice a year, or never. Meetings of any religious organization? Do you attend them...",Civic and Political Engagement,Civic Engagement,Participación cívica y política,Participación cívica
cp7,Asistencia a reuniones de  asociación de padres,Attendance at Meetings of Parent Association,"Por favor, dígame si usted asiste a las reuniones de estas organizaciones por lo menos una vez a la semana, una o dos veces al mes, una o dos veces al año, o nunca. ¿Reuniones de una asociación de padres de familia de la escuela o colegio? Asiste...","Please tell me if you attend meetings of these organizations at least once a week, once or twice a month, once or twice a year, or never. Meetings of a parents' association at school? Do you attend them...",Civic and Political Engagement,Civic Engagement,Participación cívica y política,Participación cívica
cp8,Asistencia a reuniones para mejoras comunitarias,Attendance at Meetings for Community Improvements,"Por favor, dígame si usted asiste a las reuniones de estas organizaciones por lo menos una vez a la semana, una o dos veces al mes, una o dos veces al año, o nunca. ¿Reuniones de un comité o junta de mejoras para la comunidad? Asiste...","Please tell me if you attend meetings of these organizations at least once a week, once or twice a month, once or twice a year, or never. Meetings of a community improvement committee or association? Do you attend them...",Civic and Political Engagement,Civic Engagement,Participación cívica y política,Participación cívica
prot3,Participó en una protesta,Participated in a Protest,¿En los últimos 12 meses ha participado en una manifestación o protesta pública?,"In the last 12 months, have you participated in a demonstration or protest march?",Civic and Political Engagement,Civic Engagement,Participación cívica y política,Participación cívica
vb10,Simpatiza con algún partido político,Identifies with a Political Party,"¿En este momento, simpatiza con algún partido político?",Do you currently identify with a political party?,Civic and Political Engagement,Civic Engagement,Participación cívica y política,Participación cívica
vb2,Votó en las últimas elecciones presidenciales,Voted in Last Presidential Election,¿Votó usted en [la primera ronda de] las últimas elecciones presidenciales de [año]?,Did you vote in the [first round of the] last presidential elections of [year]?,Civic and Political Engagement,Civic Engagement,Participación cívica y política,Participación cívica
vb20,Intención de voto presidencial,Vote Intention for President,"¿Si esta semana fueran las próximas elecciones presidenciales, qué haría usted?","If the next presidential elections were being held this week, what would you do?",Civic and Political Engagement,Civic Engagement,Participación cívica y política,Participación cívica
drk1,Probabilidad de muerte o daño en desastres naturales,Likelihood of Death or Harm from Natural Disaster,"¿Qué tan probable sería que usted o alguien en su familia inmediata aquí en [país] pueda morir o salir seriamente lastimado en un desastre natural como inundaciones, terremotos o huracanes/huaycos/deslaves/tornados en los próximos 25 años? ¿Cree usted que es...?","How likely do you think it is that you or someone in your immediate family here in [country] could be killed or seriously injured in a natural disaster, such as floods, earthquakes, or hurricanes, in the next 25 years?",Climate Change/Disaster Risk Reduction,Environment,Cambio climático/Reducción de riesgos por desastres,Ambiente
dst1b,Gastar más para hacer cumplir los códigos de construcción,Spend More to Enforce Building Codes,"El gobierno debe gastar más dinero para hacer cumplir los reglamentos de construcción para hacer las viviendas más seguras ante desastres naturales, incluso si esto significa gastar menos en otros programas. ¿Qué tan de acuerdo o en desacuerdo está usted con esta frase?","The government should spend more money to enforce building codes to make homes safer from natural disasters, even if it means spending less on other programs... How much do you agree or disagree?",Climate Change/Disaster Risk Reduction,Environment,Cambio climático/Reducción de riesgos por desastres,Ambiente
env2b,Seriedad del cambio climático,Seriousness of Climate Change,"Si no se hace nada para reducir el cambio climático en el futuro, ¿qué tan serio piensa usted que sería el problema para [país]?","If nothing is done to reduce climate change in the future, how serious of a problem do you think it will be for [country]?",Climate Change/Disaster Risk Reduction,Environment,Cambio climático/Reducción de riesgos por desastres,Ambiente
exc11,Le solicitaron soborno para trámite en municipalidad,Asked to Pay Bribe to Process Document in Municipality,"Para tramitar algo en el municipio, como un permiso, por ejemplo, durante el último año, ¿ha tenido que pagar alguna suma además de lo exigido por la ley?","In the last twelve months, to process any kind of document in your municipal government, like a permit for example, did you have to pay any money above that required by law?",Corruption,Corruption,Corrupción,Corrupción
exc13,Le solicitaron soborno en el trabajo,Asked to Pay a Bribe at Work,"En su trabajo, ¿le han solicitado alguna coima/soborno en los últimos 12 meses?","In your work, have you been asked to pay a bribe in the last twelve months?",Corruption,Corruption,Corrupción,Corrupción
exc14,Le solicitaron soborno en los juzgados,Asked to Pay a Bribe to the Courts,¿Ha tenido que pagar una coima/soborno en los juzgados en este último año?,Did you have to pay a bribe to the courts in the last twelve months?,Corruption,Corruption,Corrupción,Corrupción
exc15,Le solicitaron soborno para en centro de salud público,Asked to Pay a Bribe to use Public Health Services,"En los últimos 12 meses, ¿ha tenido que pagar alguna coima/soborno para ser atendido en un hospital o en un puesto de salud?","In order to be seen in a hospital or a clinic in the last twelve months, did you have to pay a bribe?",Corruption,Corruption,Corrupción,Corrupción
exc16,Le solicitaron soborno en la escuela o colegio,Asked to Pay a Bribe at School,"En los últimos 12 meses, ¿tuvo que pagar alguna coima/soborno en la escuela o colegio?",Have you had to pay a bribe at school in the last twelve months?,Corruption,Corruption,Corrupción,Corrupción
exc18,Justifica el pago de coimas o sobornos,Paying a Bribe is Justified,¿Cree que como están las cosas a veces se justifica pagar una coima/soborno?,"Do you think given the way things are, sometimes paying a bribe is justified?",Corruption,Corruption,Corrupción,Corrupción
exc2,Oficial de policía le solicitó un soborno,Police Officer Asked for a Bribe,¿Algún agente de policía le pidió una coima/soborno en los últimos 12 meses?,Has a police officer asked you for a bribe in the last twelve months?,Corruption,Corruption,Corrupción,Corrupción
exc6,Empleado público le solicitó un soborno,Government Employee Asked for a Bribe,"¿En los últimos 12 meses, algún empleado público le ha solicitado una coima/soborno?","In the last twelve months, did any government employee ask you for a bribe?",Corruption,Corruption,Corrupción,Corrupción
exc7,Percepción de corrupción de funcionarios públicos,Perception of Public Corruption among Public Officials,"Teniendo en cuenta su experiencia o lo que ha oído mencionar, ¿la corrupción de los funcionarios públicos en el país está","Taking into account your own experience or what you have heard, corruption among public officials is...",Corruption,Corruption,Corrupción,Corrupción
exc7new,Cantidad de políticos involucrados en corrupción,Amount of Corruption among Politicians,"Pensando en los políticos de [país], ¿cuántos de ellos cree usted que están involucrados en corrupción?","Thinking of politicians in [country], how many do you believe are involved in corruption?",Corruption,Corruption,Corrupción,Corrupción
aoj11,Percepción de inseguridad,Perception of Neighborhood Insecurity,"Hablando del lugar o el barrio donde usted vive y pensando en la posibilidad de ser víctima de un asalto o robo, ¿usted se siente muy seguro(a), algo seguro(a), algo inseguro(a) o muy inseguro(a)?","Speaking of the neighborhood where you live and thinking of the possibility of being assaulted or robbed, do you feel very safe, somewhat safe, somewhat unsafe or very unsafe?","Crime, Insecurity, and Policy Preferences",Democratic Support,Apoyo a la democracia e instituciones democráticas,Apoyo democrático
aoj12,Confianza en que el sistema judicial castigue a culpables,Confidence that Judiciary will Punish the Guilty,"Si usted fuera víctima de un robo o asalto, ¿cuánto confiaría que el sistema judicial castigue al culpable? Confiaría...",If you were a victim of a robbery or assault how much faith do you have that the judicial system would punish the guilty?,"Crime, Insecurity, and Policy Preferences",Democratic Support,Apoyo a la democracia e instituciones democráticas,Apoyo democrático
vic1ext,Víctima de delincuencia,Victim of Crime,"¿Ha sido usted víctima de algún acto de delincuencia en los últimos 12 meses? Es decir, ¿ha sido usted víctima de un robo, hurto, agresión, fraude, chantaje, extorsión, amenazas o algún otro tipo de acto delincuencial en los últimos 12 meses?","Have you been a victim of any type of crime in the past 12 months? That is, have you been a victim of robbery, burglary, assault, fraud, blackmail, extortion, violent threats or any other type of crime in the past 12 months?","Crime, Insecurity, and Policy Preferences",Democratic Support,Apoyo a la democracia e instituciones democráticas,Apoyo democrático
b1,Cortes garantizan un juicio justo,Courts Guarantee Fair Trial,¿Hasta qué punto cree usted que los tribunales de justicia de [país] garantizan un juicio justo?,To what extent do you think the courts in (country) guarantee a fair trial?,"Evaluation of Institutions, Political System and Other Persons",Evaluations,"Evaluación de instituciones, sistema política y otras personas",Evaluaciones
b12,Confianza en las Fuerzas Armadas,Trust in Armed Forces,¿Hasta qué punto tiene confianza usted en las Fuerzas Armadas?,To what extent do you trust the Armed Forces?,"Evaluation of Institutions, Political System and Other Persons",Evaluations,"Evaluación de instituciones, sistema política y otras personas",Evaluaciones
b13,Confianza en el Congreso Nacional,Trust in the National Legislature,¿Hasta qué punto tiene confianza usted en el Congreso Nacional?,To what extent do you trust the National Congress?,"Evaluation of Institutions, Political System and Other Persons",Evaluations,"Evaluación de instituciones, sistema política y otras personas",Evaluaciones
b18,Confianza en la Policía Nacional,Trust in National Police,¿Hasta qué punto tiene confianza usted en la Policía Nacional?,To what extent do you trust the National Police?,"Evaluation of Institutions, Political System and Other Persons",Evaluations,"Evaluación de instituciones, sistema política y otras personas",Evaluaciones
b2,Respeto a las instituciones,Respect for Political Institutions,¿Hasta qué punto tiene usted respeto por las instituciones políticas de [país]?,To what extent do you respect the political institutions of (country)?,"Evaluation of Institutions, Political System and Other Persons",Evaluations,"Evaluación de instituciones, sistema política y otras personas",Evaluaciones
b21,Confianza en los partidos políticos,Trust in Political Parties,¿Hasta qué punto tiene confianza usted en los partidos políticos?,To what extent do you trust the political parties?,"Evaluation of Institutions, Political System and Other Persons",Evaluations,"Evaluación de instituciones, sistema política y otras personas",Evaluaciones
b21a,Confianza en el ejecutivo,Trust in Executive,¿Hasta qué punto tiene confianza usted en [el presidente/el primer ministro]?,To what extent do you trust the [President/Prime Minister]?,"Evaluation of Institutions, Political System and Other Persons",Evaluations,"Evaluación de instituciones, sistema política y otras personas",Evaluaciones
b3,Los derechos básicos están protegidos,Basic Rights are Protected,¿Hasta qué punto cree usted que los derechos básicos del ciudadano están bien protegidos por el sistema político [país]?,To what extent do you think that citizens' basic rights are well protected by the political system of (country)?,"Evaluation of Institutions, Political System and Other Persons",Evaluations,"Evaluación de instituciones, sistema política y otras personas",Evaluaciones
b31,Confianza en la Corte Suprema de Justicia,Trust in the Supreme Court of Justice,¿Hasta qué punto tiene usted confianza en la Corte Suprema de Justicia?,To what extent do you trust the Supreme Court of Justice?,"Evaluation of Institutions, Political System and Other Persons",Evaluations,"Evaluación de instituciones, sistema política y otras personas",Evaluaciones
b32,Confianza en la municipalidad,Trust in Local Government,¿Hasta qué punto tiene usted confianza en su municipalidad?,To what extent do you trust the local or municipal government?,"Evaluation of Institutions, Political System and Other Persons",Evaluations,"Evaluación de instituciones, sistema política y otras personas",Evaluaciones
b37,Confianza en los medios de comunicación,Trust in the Media,¿Hasta qué punto tiene usted confianza en los medios de comunicación?,To what extent do you trust the mass media?,"Evaluation of Institutions, Political System and Other Persons",Evaluations,"Evaluación de instituciones, sistema política y otras personas",Evaluaciones
b4,Orgullo por el sistema político,Pride in Political System,¿Hasta qué punto se siente usted orgulloso de vivir bajo el sistema político [país]?,To what extent do you feel proud of living under the political system of [country]?,"Evaluation of Institutions, Political System and Other Persons",Evaluations,"Evaluación de instituciones, sistema política y otras personas",Evaluaciones
b47a,Confianza en las elecciones,Trust in Elections,¿Hasta qué punto tiene usted confianza en las elecciones en este país?,To what extent do you trust elections in this country?,"Evaluation of Institutions, Political System and Other Persons",Evaluations,"Evaluación de instituciones, sistema política y otras personas",Evaluaciones
b6,Se debería apoyar al sistema político,People Should Support the Political System,¿Hasta qué punto piensa usted que se debe apoyar al sistema político [país]?,To what extent do you think that one should support the political system of (country)?,"Evaluation of Institutions, Political System and Other Persons",Evaluations,"Evaluación de instituciones, sistema política y otras personas",Evaluaciones
eff1,Gobernantes están interesados en lo que piensa la gente,Leaders Are Interested in What People Think,A los que gobiernan el país les interesa lo que piensa la gente como usted. ¿Hasta qué punto está de acuerdo o en desacuerdo con esta frase?,Those who govern this country are interested in what people like you think. How much do you agree or disagree with this statement?,"Evaluation of Institutions, Political System and Other Persons",Evaluations,"Evaluación de instituciones, sistema política y otras personas",Evaluaciones
eff2,Entiende los asuntos más importantes del país,Understands Important Political Issues,Usted siente que entiende bien los asuntos políticos más importantes del país. ¿Hasta qué punto está de acuerdo o en desacuerdo con esta frase?,You feel that you understand the most important political issues of this country. How much do you agree or disagree with this statement?,"Evaluation of Institutions, Political System and Other Persons",Evaluations,"Evaluación de instituciones, sistema política y otras personas",Evaluaciones
it1,Confianza interpersonal,Interpersonal Trust,"Ahora, hablando de la gente de por aquí, ¿diría que la gente de su comunidad es muy confiable, algo confiable, poco confiable o nada confiable?","And speaking of the people from around here, would you say that people in this community are very trustworthy, somewhat trustworthy, not very trustworthy or untrustworthy...?","Evaluation of Institutions, Political System and Other Persons",Evaluations,"Evaluación de instituciones, sistema política y otras personas",Evaluaciones
m1,Aprobación del trabajo del ejecutivo,Executive Job Approval,"Hablando en general acerca del gobierno actual, ¿diría usted que el trabajo que está realizando el Presidente [nombre] es...?","Speaking in general of the current administration, how would you rate the job performance of President [NAME]?","Evaluation of Institutions, Political System and Other Persons",Evaluations,"Evaluación de instituciones, sistema política y otras personas",Evaluaciones
mil10a,Confiabilidad del gobierno chino,Trustworthiness of Chinese Government,"El gobierno de China. En su opinión, ¿es muy confiable, algo confiable, poco confiable, nada confiable, o no tiene opinión?","The government of China. In your opinion, is it very trustworthy, somewhat trustworthy, not very trustworthy, or not at all trustworthy, or do you not have an opinion?",Foreign Relations,Foreign relations,Relaciones internacionales,Relaciones internacionales
mil10e,Confiabilidad del gobierno estadounidense,Trustworthiness of US Government,"El gobierno de Estados Unidos. En su opinión, ¿es muy confiable, algo confiable, poco confiable, nada confiable, o no tiene opinión?","The government of the United States. In your opinion, is it very trustworthy, somewhat trustworthy, not very trustworthy, or not at all trustworthy, or do you not have an opinion?",Foreign Relations,Foreign relations,Relaciones internacionales,Relaciones internacionales
vb50,Hombres son mejores líderes políticos que mujeres,Men Are Better Political Leaders than Women,"Algunos dicen que en general, los hombres son mejores líderes políticos que las mujeres. ¿Está usted muy de acuerdo, de acuerdo, en desacuerdo, o muy en desacuerdo?","Some say that in general, men make better political leaders than women. Do you strongly agree, agree , disagree, or strongly disagree?",Gender,Gender,Género,Género
vb51,Hombres/Mujeres: más corruptos como politicos,Men or Women: More Corrupt as Politicians,"¿Quién cree usted que sería más corrupto como político, un hombre, una mujer, o ambos por igual?","Who do you think would be more corrupt as a politician, a man or a woman, or are both the same?",Gender,Gender,Género,Género
vb52,Hombres/Mujeres: manejan mejor la economía,Men or Women: Better Manager of Economy,"Y si le toca a un político o a una política manejar la economía nacional, ¿quién va a hacer el mejor trabajo; un hombre, una mujer o no importa?","If a politician is responsible for running the national economy, who would do a better job, a man, or a woman or does it not matter?",Gender,Gender,Género,Género
w14a,Justificación del aborto,Abortion Justified,"Y ahora, pensando en otros temas. ¿Cree usted que se justificaría la interrupción del embarazo, o sea, un aborto, cuando peligra la salud de la madre?","And now, thinking about other topics. Do you think it's justified to interrupt a pregnancy, that is, to have an abortion, when the mother's health is in danger?",Gender,Gender,Género,Género
a4,El problema más importante,Most Important Problem,"En su opinión ¿cuál es el problema más grave que está enfrentando el país? (No leer alternativas,  Aceptar solo una respuesta)","In your opinion, what is the most serious problem faced by the country? (Don't read alternatives; Accept on one response)","Evaluation of Institutions, Political System and Other Persons",Evaluations,"Evaluación de instituciones, sistema política y otras personas",Evaluaciones
infrax,Tiempo de respuesta de la policía,Police Response Time,"Suponga que alguien se mete a robar a su casa y usted llama a la policía. ¿Cuánto tiempo cree que la Policía se demoraría en llegar a su casa un día cualquiera, a mediodía?",Suppose someone enters your home to burglarize it and you call the police. How long do you think it would take the police to arrive at your house on a typical day around noon?,Local Government,Local Government,Gobierno local,Gobierno local
q10a,Recibe remesas,Receives Remittances,"¿Usted o alguien que vive en su casa recibe remesas, es decir, ayuda económica del exterior?","Do you or someone else living in your household receive remittances, that is, economic assistance from abroad?",Migration,Migration,Migración,Migración
q14,Intenciones de vivir o trabajar en otro país,Intends to Live or Work Abroad,¿Tiene usted intenciones de irse a vivir o a trabajar a otro país en los próximos tres años?,Do you have any intention of going to live or work in another country in the next three years?,Migration,Migration,Migración,Migración
l1,Ideología (izquierda / derecha),Ideology (Left / Right),"Cambiando de tema, en esta tarjeta tenemos una escala del 1 a 10 que va de izquierda a derecha, en la que el 1 significa izquierda y el 10 significa derecha. Hoy en día cuando se habla de tendencias políticas, mucha gente habla de aquellos que simpatizan más con la izquierda o con la derecha. Según el sentido que tengan para usted los términos """"izquierda"""" y """"derecha"""" cuando piensa sobre su punto de vista político, ¿dónde se encontraría usted en esta escala? Dígame el número.","Now, to change the subject... On this card there is a 1-10 scale that goes from left to right. The number one means left and 10 means right. Nowadays, when we speak of political leanings, we talk of those on the left and those on the right. In other words, some people sympathize more with the left and others with the right. According to the meaning that the terms """"left"""" and """"right"""" have for you, and thinking of your own political leanings, where would you place yourself on this scale? Tell me the number.",Political and Religious Orientation,Beliefs,Orientación política y religiosa,Creencias
q3cn,Religión,Religion,"Si usted es de alguna religión, ¿podría decirme cuál es su religión?","What is your religion, if any?",Political and Religious Orientation,Beliefs,Orientación política y religiosa,Creencias
q5a,Asistencia a servicios religiosos,Attendance at Religious Services,¿Con qué frecuencia asiste usted a servicios religiosos?,How often do you attend religious services?,Political and Religious Orientation,Beliefs,Orientación política y religiosa,Creencias
q5b,Importancia de la religión,Importance of Religion,"Por favor, ¿podría decirme, qué tan importante es la religión en su vida?",Could you please tell me how important is religion in your life?,Political and Religious Orientation,Beliefs,Orientación política y religiosa,Creencias
d1,Aprueba derecho de votar de los críticos del gobierno,Approval of Government Critics' Right to Vote,"Hay personas que siempre hablan mal de la forma de gobierno de [país], no sólo del gobierno de turno, sino del sistema de gobierno, ¿con qué firmeza aprueba o desaprueba usted el derecho de votar de esas personas? Por favor léame el número de la escala","There are people who only say bad things about the (country) form of government, not just the incumbent government but the system of government. How strongly do you approve or disapprove of such people's right to vote? Please read me the number from the scale",Political Tolerance,Tolerance,Tolerancia política,Tolerancia
d2,Aprueba el derecho a protestar,Approval of Government Critics' Right to Protest,Con qué firmeza aprueba o desaprueba usted que estas personas puedan llevar a cabo manifestaciones pacíficas con el propósito de expresar sus puntos de vista? Por favor léame el número.,How strongly do you approve or disapprove that such people be allowed to conduct peaceful demonstrations in order to express their views? Please read me the number.,Political Tolerance,Tolerance,Tolerancia política,Tolerancia
d3,Aprueba el derecho a postularse,Approval of Government Critics' Right to Run for Office,Siempre pensando en los que hablan mal de la forma de gobierno de [país]. ¿Con qué firmeza aprueba o desaprueba usted que estas personas puedan postularse para cargos públicos?,"Still thinking of those who only say bad things about the (country) form of government, how strongly do you approve or disapprove of such people being permitted to run for public office?",Political Tolerance,Tolerance,Tolerancia política,Tolerancia
d4,Aprueba el derecho a hacer un discurso,Approval of Government Critics' Right to Make Speeches,¿Con qué firmeza aprueba o desaprueba usted que estas personas salgan en la televisión para dar un discurso?,How strongly do you approve or disapprove of such people appearing on television to make speeches?,Political Tolerance,Tolerance,Tolerancia política,Tolerancia
d5,Aprueba el derecho de homosexuales a postularse,Approval of Homosexuals' Right to Run for Office,"Y ahora, cambiando el tema, y pensando en los homosexuales. ¿Con qué firmeza aprueba o desaprueba que estas personas puedan postularse para cargos públicos?","And now, changing the topic and thinking of homosexuals, how strongly do you approve or disapprove of such people being permitted to run for public office?",Political Tolerance,Tolerance,Tolerancia política,Tolerancia
d6,Aprueba el derecho a casarse de parejas del mismo sexo,Approval of Same-Sex Couples' Right to Marry,¿Con qué firmeza aprueba o desaprueba que las parejas del mismo sexo puedan tener el derecho a casarse?,How strongly do you approve or disapprove of same-sex couples having the right to marry?,Political Tolerance,Tolerance,Tolerancia política,Tolerancia
e5,Aprueba la participación en protestas permitidas por ley,Approval of Those Participating in Legal Demonstration,Que las personas participen en manifestaciones permitidas por la ley. ¿Hasta qué punto aprueba o desaprueba?,Of people participating in legal demonstrations. How much do you approve or disapprove?,Political Tolerance,Tolerance,Tolerancia política,Tolerancia
gi0n,Frecuencia de ver noticias,Frequency of Watching News,"¿Con qué frecuencia sigue las noticias, ya sea en la televisión, la radio, los periódicos o el Internet?","About how often do you pay attention to the news, whether on TV, the radio, newspapers or the internet?",Political/Electoral Engagement,Electoral Engagement,Participación política/electoral,Participación electoral
pol1,Interés en la política,Political Interest,¿Qué tanto interés tiene usted en la política?,How much interest do you have in politics?,Political/Electoral Engagement,Electoral Engagement,Participación política/electoral,Participación electoral
ur,Urbano/Rural,Urban/Rural,Urbano/Rural,Urban/Rural,Sample Identification/Geographic,Sample Id,Identificación muestral/geográfica,Id muestral
year,Año,Year,Año,Year,Sample Identification/Geographic,Sample Id,Identificación muestral/geográfica,Id muestral
smedia1,Tiene cuenta de Facebook,Has Facebook Account,¿Tiene usted cuenta de Facebook?,Do you have a Facebook account?,Social Media,Social Media,Medios sociales,Medios sociales
smedia4,Tiene cuenta de Twitter,Has Twitter Account,¿Tiene usted cuenta de Twitter?,Do you have a Twitter account?,Social Media,Social Media,Medios sociales,Medios sociales
smedia7,Cuenta Whatsapp,Has Whatsapp Account,¿Tiene usted cuenta de WhatsApp?,Do you have a WhatsApp account?,Social Media,Social Media,Medios sociales,Medios sociales
cct1b,Beneficiario de transferencias de dinero condicionadas,Beneficiary of Conditional Cash Transfer Program,"Ahora, hablando específicamente sobre [programa] ¿usted o alguien en su casa es beneficiario de ese programa?","Now, talking specifically about [Conditional Cash Transfers], are you or someone in your house a beneficiary of this program?",Socio-Demographic Characteristics,Socio-Dem.,Características sociodemográficas,Sociodem.
ed,Años de educación,Years of Schooling,Años de educación,Years of Schooling,Socio-Demographic Characteristics,Socio-Dem.,Características sociodemográficas,Sociodem.
ocup1a,Ocupación,Occupation,En su ocupación principal usted es...,In this job you are...,Socio-Demographic Characteristics,Socio-Dem.,Características sociodemográficas,Sociodem.
ocup4a,Situación laboral,Employment Status,¿A qué se dedica usted principalmente? ¿Está usted actualmente...,How do you mainly spend your time? Are you currently...,Socio-Demographic Characteristics,Socio-Dem.,Características sociodemográficas,Sociodem.
q1,Sexo,Sex,Género,Sex,Socio-Demographic Characteristics,Socio-Dem.,Características sociodemográficas,Sociodem.
q11n,Estado civil,Marital Status,¿Cuál es su estado civil?,What is your marital status?,Socio-Demographic Characteristics,Socio-Dem.,Características sociodemográficas,Sociodem.
q12bn,Número de niños menores de 13 años en el hogar,Number of Children under 13 in Household,¿Cuántos niños menores de 13 años viven en este hogar?,How many children under the age of 13 live in this household?,Socio-Demographic Characteristics,Socio-Dem.,Características sociodemográficas,Sociodem.
q12c,Número de personas en el hogar,Number of People in Household,¿Cuántas personas en total viven en su hogar en este momento?,How many people in total live in this household at this time?,Socio-Demographic Characteristics,Socio-Dem.,Características sociodemográficas,Sociodem.
q2,Edad,Age,Edad,Age,Socio-Demographic Characteristics,Socio-Dem.,Características sociodemográficas,Sociodem.
r1,Televisión en casa,Television in Home,Podría decirme si en su casa tienen-Televisión,Could you tell me if you have the following in your house-Television,Socio-Demographic Characteristics,Socio-Dem.,Características sociodemográficas,Sociodem.
r12,Agua potable en la vivienda,Drinking water in Home,Podría decirme si en su casa tienen- Agua potable dentro de la vivienda,Could you tell me if you have the following in your house-Indoor Plumbing,Socio-Demographic Characteristics,Socio-Dem.,Características sociodemográficas,Sociodem.
r14,Cuarto de baño dentro de casa,Indoor Bathroom in Home,Podría decirme si en su casa tienen- Cuarto de baño dentro de la casa,Could you tell me if you have the following in your house-Indoor Bathroom,Socio-Demographic Characteristics,Socio-Dem.,Características sociodemográficas,Sociodem.
r15,Computadora en casa,Computer in Home,Podría decirme si en su casa tienen-Computadora (acepta tableta / iPad),Could you tell me if you have the following in your house-Computer (accept tablet / iPad),Socio-Demographic Characteristics,Socio-Dem.,Características sociodemográficas,Sociodem.
r16,Televisor de pantalla plana en casa,Flat Panel TV in Home,Podría decirme si en su casa tienen-Televisor de pantalla plana,Could you tell me if you have the following in your house-Flat panel TV,Socio-Demographic Characteristics,Socio-Dem.,Características sociodemográficas,Sociodem.
r18,Servicio de Internet en casa,Internet Service in Home,Podría decirme si en su casa tienen-Servicio de Internet (incluyendo teléfono o tableta),Could you tell me if you have the following in your house-Internet Service in your Home (including telephone and tablet),Socio-Demographic Characteristics,Socio-Dem.,Características sociodemográficas,Sociodem.
r3,Refrigerador en casa,Refrigerator in Home,Podría decirme si en su casa tienen- Refrigerador (nevera),Could you tell me if you have the following in your house-Refrigerator,Socio-Demographic Characteristics,Socio-Dem.,Características sociodemográficas,Sociodem.
r4,Teléfono convencional en casa,Landline in Home,Podría decirme si en su casa tienen- Teléfono convencional / fijo / residencial (no celular),Could you tell me if you have the following in your house-Landline / residential telephone (not cellular),Socio-Demographic Characteristics,Socio-Dem.,Características sociodemográficas,Sociodem.
r4a,Teléfono celular en casa,Cellular Telephone in Home,Podría decirme si en su casa tienen- Teléfono celular (acepta smartphone / teléfono inteligente),Could you tell me if you have the following in your house-Cellular Telephone (accept smartphone),Socio-Demographic Characteristics,Socio-Dem.,Características sociodemográficas,Sociodem.
r5,Número de vehículos en casa,Number of Vehicles at the House,"Podría decirme si en su casa tienen- Vehículo o automóvil, Cuántos?","Could you tell me if you have the following in your house-Vehicle/car, How many?",Socio-Demographic Characteristics,Socio-Dem.,Características sociodemográficas,Sociodem.
r6,Lavadora de ropa en casa,Washing Machine in Home,Podría decirme si en su casa tienen- Lavadora de ropa,Could you tell me if you have the following in your house-Washing Machine,Socio-Demographic Characteristics,Socio-Dem.,Características sociodemográficas,Sociodem.
r7,Horno microondas en casa,Microwave Oven in Home,Podría decirme si en su casa tienen- Horno microondas,Could you tell me if you have the following in your house-Microwave Oven,Socio-Demographic Characteristics,Socio-Dem.,Características sociodemográficas,Sociodem.
r8,Tiene motocicleta,Owns Motorcycle,Podría decirme si en su casa tienen- Motocicleta,Could you tell me if you have the following in your house-Motorcycle,Socio-Demographic Characteristics,Socio-Dem.,Características sociodemográficas,Sociodem.
wf1,Recibe asistencia del gobierno,Receives Government Assistance,"¿Usted o alguien en su casa recibe ayuda (regular/periódica) en dinero, alimento o en productos de parte del gobierno, sin contar las pensiones?","Do you or someone in your household (regularly) receive assistance in the form of money, food, or products from the government, not including pensions/social security?",Socio-Demographic Characteristics,Socio-Dem.,Características sociodemográficas,Sociodem.
ing4,La democracia es la mejor forma de gobierno,Democracy is Better than Any Other Form of Government,"Cambiando de nuevo el tema, puede que la democracia tenga problemas, pero es mejor que cualquier otra forma de gobierno. ¿Hasta qué punto está de acuerdo o en desacuerdo con esta frase?","Changing the subject again, democracy may have problems, but it is better than any other form of government. To what extent do you agree or disagree with this statement?",Support for Democracy and Democratic Institutions,Democratic Support,Apoyo a la democracia e instituciones democráticas,Apoyo democrático
jc10,Golpe de Estado justificado frente a mucha delincuencia,Coup is Justified when Crime is High,Alguna gente dice que en ciertas circunstancias se justificaría que los militares de este país tomen el poder por un golpe de Estado. En su opinión se justificaría que hubiera un golpe de estado por los militares frente a las siguientes circunstancias... ? Frente a mucha delincuencia.,Some people say that under some circumstances it would be justified for the military of this country to take power by a coup d'état (military coup). In your opinion would a military coup be justified under the following circumstances? When there is a lot of crime,Support for Democracy and Democratic Institutions,Democratic Support,Apoyo a la democracia e instituciones democráticas,Apoyo democrático
jc13,Golpe de Estado justificado frenta a mucha corrupción,Coup is Justified when Corruption is High,Alguna gente dice que en ciertas circunstancias se justificaría que los militares de este país tomen el poder por un golpe de Estado. En su opinión se justificaría que hubiera un golpe de estado por los militares frente a las siguientes circunstancias...? Frente a mucha corrupción.,Some people say that under some circumstances it would be justified for the military of this country to take power by a coup d'état (military coup). In your opinion would a military coup be justified under the following circumstances? When there is a lot of corruption,Support for Democracy and Democratic Institutions,Democratic Support,Apoyo a la democracia e instituciones democráticas,Apoyo democrático
jc15a,Justifica que ejecutivo gobierne sin legislatura,Executive Justified in Governing without Legislature,"¿Cree usted que cuando el país enfrenta momentos muy difíciles, se justifica que el [ejecutivo] del país cierre [la legislatura] y gobierne sin [la legislatura]?",Do you believe that when the country is facing very difficult times it is justifiable for [the executive] of the country to close the [legislature] and govern without [the legislature]?,Support for Democracy and Democratic Institutions,Democratic Support,Apoyo a la democracia e instituciones democráticas,Apoyo democrático
jc16a,Justifica que el ejecutivo disuelva la Corte Suprema,Justified for the Executive to Dissolve the Supreme Court,¿Cree usted que cuando el país enfrenta momentos muy difíciles se justifica que el presidente/primer ministro del país disuelva la Corte Suprema de Justicia y gobierne sin la Corte Suprema de Justicia?,Do you believe that when the country is facing very difficult times it is justifiable for the president/prime minister of the country to dissolve the Supreme Court of Justice and govern without the Supreme Court of Justice?,Support for Democracy and Democratic Institutions,Democratic Support,Apoyo a la democracia e instituciones democráticas,Apoyo democrático
pn4,Satisfacción con la democracia,Satisfaction with Democracy,"En general, ¿usted diría que está muy satisfecho(a), satisfecho(a), insatisfecho(a) o muy insatisfecho(a) con la forma en que la democracia funciona en [país]?","In general, would you say that you are very satisfied, satisfied, dissatisfied or very dissatisfied with the way democracy works in (country)?",Support for Democracy and Democratic Institutions,Democratic Support,Apoyo a la democracia e instituciones democráticas,Apoyo democrático
idio2,Percepción de situación económica personal,Perception of Personal Economic Situation,"¿Considera usted que su situación económica actual es mejor, igual o peor que la de hace doce meses?","Do you think that your economic situation is better than, the same as, or worse than it was 12 months ago?",The Economy,Economy,La economía,Economía
q10e,Ingreso del hogar en los últimos dos años,Household Income Over Last Two Years,"En los últimos dos años, el ingreso de su hogar","Over the past two years, has the income of your household",The Economy,Economy,La economía,Economía
redist1,El gobierno debe gastar más en ayudar a los pobres,Government Must Spend More Helping Poor,El gobierno debe gastar más en ayudar a los pobres. ¿Hasta qué punto está de acuerdo o en desacuerdo con esta frase?,The government must spend more on helping the poor. To what extent do you agree or disagree with this phrase?,The Economy,Economy,La economía,Economía
redist2a,De acuerdo que ricos paguen más en impuestos,Okay for Rich to Pay High Taxes,Está bien que los ricos paguen mucho en impuestos pero reciban poco en servicios del Estado. ¿Hasta qué punto está de acuerdo o en desacuerdo?,It's okay for the rich to pay a lot in taxes but receive little in state services. To what extent do you agree or disagree?,The Economy,Economy,La economía,Economía
redist3,Mayoría de desempleados podría encontrar un trabajo,Most Unemployed Could Find Job if Wanted,La mayoría de los desempleados podría encontrar un trabajo si quisiera. ¿Hasta qué punto está de acuerdo o en desacuerdo?,Most of the unemployed could find a job if they wanted to. To what extent do you agree or disagree?,The Economy,Economy,La economía,Economía
ros4,Estado debe reducir la desigualdad,Government Should Reduce Income Inequality,El Estado [nacionalidad] debe implementar políticas firmes para reducir la desigualdad de ingresos entre ricos y pobres. ¿Hasta qué punto está de acuerdo o en desacuerdo con esta frase?,The [nationality] government should implement strong policies to reduce income inequality between the rich and the poor. To what extent do you agree or disagree with this statement?,The Economy,Economy,La economía,Economía
soct2,Evaluación de la economía,Evaluation of the Economy,"¿Considera usted que la situación económica del país es mejor, igual o peor que hace doce meses?","Do you think that the country's current economic situation is better than, the same as or worse than it was 12 months ago?",The Economy,Economy,La economía,Economía
fs2,Se ha quedado sin comida en los últimos 3 meses,Has Run Out of Food in Last 3 Months,"En los últimos 3 meses, por falta de dinero u otros recursos, alguna vez ¿en su hogar se quedaron sin alimentos?","In the last 3 months, due to lack of money or resources, did you ever run out of food?",The Economy,Economy,La economía,Economía
fs8,Ha faltado comidas en los últimos 3 mese,Has Gone without Meals in the Last 3 Months,"En los últimos 3 meses, por falta de dinero u otros recursos, alguna vez, ¿usted o algún adulto en su hogar solo comió una vez al día o dejó de comer todo un día?","In the last 3 months, due to lack of money or resources, have you or any adult in your household eaten only once a day or not eaten an entire day?",The Economy,Economy,La economía,Economía
redist2,Es injusto que los ricos paguen altos impuestos pero reciben pocos servicios,Unfair for Rich to Pay High Taxes but Receive Few Services,Es injusto que los ricos paguen mucho en impuestos pero reciban poco en servicios del Estado. ¿Hasta qué punto está de acuerdo o en desacuerdo?,It's unfair for the rich to pay a lot in taxes but receive little in state services. To what extent do you agree or disagree?,The Economy,Economy,La economía,Economía
cp2,Solicitó ayuda a un miembro de la Asamblea Legistlativa,Requested Help from a Member of the Legislature,¿Para poder resolver sus problemas alguna vez ha pedido usted ayuda o cooperación ... ¿A algún diputado de la Asamblea Legislativa?,In order to solve your problems have you ever requested help or cooperation...From a member of the Legislature?,Civic and Political Engagement,Civic Engagement,Participación cívica y política,Participación cívica
cp20,Asistencia a reuniones de una asociación o grupo de mujeres,Attendance at Meetings of Women's Group,"Por favor, dígame si usted asiste a las reuniones de estas organizaciones por lo menos una vez a la semana, una o dos veces al mes, una o dos veces al año, o nunca. ¿Reuniones de asociaciones o grupos de mujeres o amas de casa? Asiste…","Please tell me if you attend meetings of these organizations at least once a week, once or twice a month, once or twice a year, or never. Meetings of associations or groups of women or home makers? Do you attend them…",Civic and Political Engagement,Civic Engagement,Participación cívica y política,Participación cívica
np1,Asistencia a una reunión municipal,Attendance at Municipal Meeting,¿Ha asistido a [sesión municipal] durante los últimos 12 meses?,Have you attended a [local meeting] during the last 12 months?,Local Government,Local Government,Gobierno local,Gobierno local
sd2new2,Satisfacción con las carreteras,Satisfaction with Roads,"Y pensando en esta ciudad/área donde usted vive, ¿está muy satisfecho(a), satisfecho(a), insatisfecho(a), o muy insatisfecho(a) con el estado de las vías, carreteras y autopistas?","And thinking about this city/area where you live, are you very satisfied, satisfied, dissatisfied, or very dissatisfied with the condition of the streets, roads, and highways?",Local Government,Local Government,Gobierno local,Gobierno local
sd3new2,Satisfacción con las escuelas públicas,Satisfaction with Public Schools,[Y pensando en esta ciudad/área donde usted vive...] ¿Y la calidad de las escuelas públicas? ¿Está usted…,[And thinking about this city/area where you live...]And the quality of public schools? Are you…,Local Government,Local Government,Gobierno local,Gobierno local
sd6new2,Satisfacción con los servicios médicos y de salud públicos,Satisfaction with Public Medical and Health Services,[Y pensando en esta ciudad/área donde usted vive...] ¿Y la calidad de los servicios médicos y de salud públicos? ¿Está usted…,[And thinking about this city/area where you live...] And the quality of public medical and health services? Are you…,Local Government,Local Government,Gobierno local,Gobierno local
b20,Confianza en la Iglesia Católica,Trust in Catholic Church,¿Hasta qué punto tiene confianza usted en la Iglesia Católica?,To what extent do you trust the Catholic Church?,"Evaluation of Institutions, Political System and Other Persons",Evaluations,"Evaluación de instituciones, sistema política y otras personas",Evaluaciones
b20a,Confianza en las Iglesias Evangélicas/Protestante,Trust in Evangelical/Protestant Church,¿Hasta qué punto tiene confianza usted en la Iglesia Evangélica/Protestante [Usar el más común en el país]?,To what extent do you trust the Evangelical/Protestant Church [use the most common name in your country]?,"Evaluation of Institutions, Political System and Other Persons",Evaluations,"Evaluación de instituciones, sistema política y otras personas",Evaluaciones
lib1,Nivel actual de libertad de prensa,Level of Freedom of the Press Today,"Usted cree que ahora en el país tenemos muy poca, suficiente o demasiada...Libertad de prensa","Do you believe that now in the country we have too little, enough or too much...Freedom of the press?","Evaluation of Institutions, Political System and Other Persons",Evaluations,"Evaluación de instituciones, sistema política y otras personas",Evaluaciones
lib2c,Nivel actual de libertad para expresar opiniones políticas sin temor,Level of Freedom to Express Political Opinions without Fear,"Y Libertad para expresar las opiniones políticas sin miedo. ¿Tenemos muy poca, suficiente o demasiada?","And Freedom to express political opinions without fear? Do we have too little, enough, or too much?","Evaluation of Institutions, Political System and Other Persons",Evaluations,"Evaluación de instituciones, sistema política y otras personas",Evaluaciones
vic1exta,Víctima de delincuencia en los últimos 12 meses (Frecuencia),Victim of Crime in the Last 12 Months (Frequency),¿Cuántas veces ha sido usted víctima de un acto delincuencial en los últimos 12 meses?,How many times have you been a crime victim during the last 12 months?,"Crime, Insecurity, and Policy Preferences",Democratic Support,Apoyo a la democracia e instituciones democráticas,Apoyo democrático
exc20,Soldado u oficial militar le solicitó un soborno,Soldier Requested a Bribe,"¿En los últimos doce meses, algún soldado u oficial militar le ha solicitado una coima/soborno?","In the last twelve months, did any soldier or military officer ask you for a bribe?",Corruption,Corruption,Corrupción,Corrupción
gi0,Frecuencia de seguimiento de noticias,Frequency of Paying Attention to the News,"¿Con qué frecuencia sigue las noticias, ya sea en la televisión, la radio, los periódicos o el Internet?","About how often do you pay attention to the news, whether on TV, the radio, newspapers or the internet?",Political/Electoral Engagement,Electoral Engagement,Participación política/electoral,Participación electoral
clien1n,A un conocido le ofrecieron beneficio por su voto (última elección nacional),Knows Someone Offered Benefit for Vote (Last National Election),"Pensando en las últimas elecciones nacionales/generales de [año], ¿algún candidato o alguien de un partido político le ofreció un favor, regalo u otro beneficio a alguna persona que usted conoce para que lo apoye o vote por él?","Thinking of the last national elections/general election of [year], any candidate or political party offered a favor, gift, or other benefit to a person whom you know in exchange for that person's support or vote?",Political/Electoral Engagement,Electoral Engagement,Participación política/electoral,Participación electoral
clien1na,Le ofrecieron un beneficio por su voto en la última elección generales,Offered Benefit for Vote (Last General Election),"Y pensando en las últimas elecciones presidenciales/generales de [año] ¿alguien le ofreció a usted un favor, regalo o beneficio a cambio de su voto?","And thinking about the last presidential/general elections of [year], did someone offer you something, like a favor, gift or any other benefit in return for your vote or support?",Political/Electoral Engagement,Electoral Engagement,Participación política/electoral,Participación electoral
env1c,Priorizar la protección del medio ambiente o promover el crecimiento económico,Higher Priority for Protecting Environment or Promoting Economic Growth,"Alguna gente cree que hay que priorizar la protección del medio ambiente sobre el crecimiento económico, mientras otros creen que el crecimiento económico debería priorizarse sobre la protección ambiental. En una escala de 1 a 7 en la que 1 significa que el medio ambiente debe ser la principal prioridad, y 7 significa que el crecimiento económico debe ser la principal prioridad, ¿dónde se ubicaría usted?","Some people believe that we must prioritize the protection of the environment over economic growth, while other believe that economic growth must be the prioritized over the protection of the environment. On a scale from 1 to 7 where 1 means that the environment should be the top priority, and 7 means that economic growth should be the top priority, where would you be?",Climate Change/Disaster Risk Reduction,Environment,Cambio climático/Reducción de riesgos por desastres,Ambiente
v58,Los niños sufren con madres trabajadoras,Children Suffer with Working Mothers,"¿Qué tan de acuerdo o en desacuerdo está usted con la siguiente frase? Cuando la madre trabaja fuera de la casa, los hijos sufren","How much do you agree or disagree with the next sentence? When the mother works outside the home, the children suffer.",Gender,Gender,Género,Género
l1b,Ideología (liberal / conservador),Ideología (liberal / conservador),"Hoy en día cuando se habla de tendencias políticas, se habla de liberales y conservadores. En otras palabras, algunas personas simpatizan más con los liberales y otras con los conservadores. Según el sentido que los términos ""liberales"" y ""conservadores"" tienen para usted, cuando piensa sobre su punto de vista político, ¿dónde se encuentra usted en esta escala?","Nowadays, when we speak of political leanings, we talk of liberals and conservatives. In other words, some people sympathize more with the liberals and others with the conservatives. According to the meaning that the terms ""liberals"" and ""conservatives"" have for you, and thinking of your own political leanings, where would you place yourself on this scale?",Political and Religious Orientation,Beliefs,Orientación política y religiosa,Creencias
q10new,Ingreso mensual del hogar,Monthly Household Income,"¿En cuál de los siguientes rangos se encuentran los ingresos familiares mensuales de este hogar, incluyendo las remesas del exterior y el ingreso de todos los adultos e hijos que trabajan?","Into which of the following income ranges does the total monthly income of this household fit, including remittances from abroad and the income of all the working adults and children?",Socio-Demographic Characteristics,Socio-Dem.,Características sociodemográficas,Sociodem.
q12,Número de hijos,Number of Children,¿Tiene hijos(as)? ¿Cuántos?,Do you have children? How many?,Socio-Demographic Characteristics,Socio-Dem.,Características sociodemográficas,Sociodem.
etid,Etnicidad,Ethnicity,"¿Usted se considera una persona blanca, mestiza, indígena, negra, mulata, u otra?","Do you consider yourself white, mestizo, indigenous, black, mulatto, or of another race?",Socio-Demographic Characteristics,Socio-Dem.,Características sociodemográficas,Sociodem.
leng1,Lengua materna,Mother Tongue,¿Cuál es su lengua materna o el primer idioma que habló de pequeño en su casa?,"What is your mother tongue, that is, the language you spoke first at home when you were a child?",Socio-Demographic Characteristics,Socio-Dem.,Características sociodemográficas,Sociodem.
